icon_name,is_alias,tags
a-arrow-down,no,letter; font size; text; formatting; smaller
a-arrow-up,no,letter; font size; text; formatting; larger; bigger
a-large-small,no,letter; font size; text; formatting
accessibility,no,disability; disabled; dda; wheelchair
activity,no,pulse; action; motion; movement; exercise; fitness; healthcare; heart rate monitor; vital signs; vitals; emergency room; er; intensive care; hospital; defibrillator; earthquake; siesmic; magnitude; richter scale; aftershock; tremor; shockwave; audio; waveform; synthesizer; synthesiser; music
activity-square,yes,
air-vent,no,air conditioner; ac; central air; cooling; climate-control
airplay,no,stream; cast; mirroring; screen; monitor; macos; osx
alarm-check,yes,
alarm-clock,no,morning
alarm-clock-check,no,done; todo; tick; complete; task
alarm-clock-minus,no,remove
alarm-clock-off,no,morning; turn-off
alarm-clock-plus,no,add
alarm-minus,yes,
alarm-plus,yes,
alarm-smoke,no,fire; alert; warning; detector; carbon monoxide; safety; equipment; amenities
album,no,photo; book
alert-circle,yes,
alert-octagon,yes,
alert-triangle,yes,
align-center,yes,
align-center-horizontal,no,items; flex; justify
align-center-vertical,no,items; flex; justify
align-end-horizontal,no,items; bottom; flex; justify
align-end-vertical,no,items; right; flex; justify
align-horizontal-distribute-center,no,items; flex; justify; space; evenly; around
align-horizontal-distribute-end,no,right; items; flex; justify
align-horizontal-distribute-start,no,left; items; flex; justify
align-horizontal-justify-center,no,center; items; flex; justify
align-horizontal-justify-end,no,right; items; flex; justify
align-horizontal-justify-start,no,left; items; flex; justify
align-horizontal-space-around,no,center; items; flex; justify; distribute; between
align-horizontal-space-between,no,around; items; bottom; flex; justify
align-justify,yes,
align-left,yes,
align-right,yes,
align-start-horizontal,no,top; items; flex; justify
align-start-vertical,no,left; items; flex; justify
align-vertical-distribute-center,no,items; flex; justify; space; evenly; around
align-vertical-distribute-end,no,bottom; items; flex; justify
align-vertical-distribute-start,no,top; items; flex; justify
align-vertical-justify-center,no,center; items; flex; justify; distribute; between
align-vertical-justify-end,no,bottom; items; flex; justify; distribute; between
align-vertical-justify-start,no,top; items; flex; justify; distribute; between
align-vertical-space-around,no,center; items; flex; justify; distribute; between
align-vertical-space-between,no,center; items; flex; justify; distribute; between
ambulance,no,ambulance; emergency; medical; vehicle; siren; healthcare; transportation; rescue; urgent; first aid
ampersand,no,and; typography; operator; join; concatenate; code; &
ampersands,no,and; operator; then; code; &&
amphora,no,pottery; artifact; artefact; vase; ceramics; clay; archaeology; museum; wine; oil
anchor,no,ship
angry,no,emoji; anger; face; emotion
annoyed,no,emoji; nuisance; face; emotion
antenna,no,signal; connection; connectivity; tv; television; broadcast; live; frequency; tune; scan; channels; aerial; receiver; transmission; transducer; terrestrial; satellite; cable
anvil,no,metal; iron; alloy; materials; heavy; weight; blacksmith; forge; acme
aperture,no,camera; photo; pictures; shutter; exposure
app-window,no,application; menu bar; pane; executable
app-window-mac,no,application; menu bar; pane; preferences; macos; osx; executable
apple,no,fruit; food; healthy; snack; nutrition; fresh; produce; grocery; organic; harvest; vitamin; red; green; juicy; sweet; tart; bite; orchard; plant; core; raw; diet
archive,no,index; backup; box; storage; records
archive-restore,no,unarchive; index; backup; box; storage; records
archive-x,no,index; backup; box; storage; records; junk
area-chart,yes,
armchair,no,sofa; furniture; leisure; lounge; loveseat; couch
arrow-big-down,no,backwards; reverse; direction; south
arrow-big-down-dash,no,backwards; reverse; slow; direction; south; download
arrow-big-left,no,previous; back; direction; west; indicate turn
arrow-big-left-dash,no,previous; back; direction; west; turn; corner
arrow-big-right,no,next; forward; direction; east; indicate turn
arrow-big-right-dash,no,next; forward; direction; east; turn; corner
arrow-big-up,no,shift; keyboard; button; mac; capitalize; capitalise; forward; direction; north
arrow-big-up-dash,no,caps lock; capitals; keyboard; button; mac; forward; direction; north; faster; speed; boost
arrow-down,no,backwards; reverse; direction; south
arrow-down-0-1,no,filter; sort; ascending; descending; increasing; decreasing; rising; falling; numerical
arrow-down-01,yes,
arrow-down-1-0,no,filter; sort; ascending; descending; increasing; decreasing; rising; falling; numerical
arrow-down-10,yes,
arrow-down-a-z,no,filter; sort; ascending; descending; increasing; decreasing; rising; falling; alphabetical
arrow-down-az,yes,
arrow-down-circle,yes,
arrow-down-from-line,no,backwards; reverse; direction; south; download; expand; fold; vertical
arrow-down-left,no,direction; south-west; diagonal
arrow-down-left-from-circle,yes,
arrow-down-left-from-square,yes,
arrow-down-left-square,yes,
arrow-down-narrow-wide,no,filter; sort; ascending; descending; increasing; decreasing; rising; falling
arrow-down-right,no,direction; south-east; diagonal
arrow-down-right-from-circle,yes,
arrow-down-right-from-square,yes,
arrow-down-right-square,yes,
arrow-down-square,yes,
arrow-down-to-dot,no,direction; south; waypoint; location; step; into
arrow-down-to-line,no,behind; direction; south; download; save; git; version control; pull; collapse; fold; vertical
arrow-down-up,no,bidirectional; two-way; 2-way; swap; switch; network; traffic; flow; mobile data; internet; sort; reorder; move
arrow-down-wide-narrow,no,filter; sort; ascending; descending; increasing; decreasing; rising; falling
arrow-down-z-a,no,filter; sort; ascending; descending; increasing; decreasing; rising; falling; alphabetical; reverse
arrow-down-za,yes,
arrow-left,no,previous; back; direction; west; <-
arrow-left-circle,yes,
arrow-left-from-line,no,previous; back; direction; west; expand; fold; horizontal; <-|
arrow-left-right,no,bidirectional; two-way; 2-way; swap; switch; transaction; reorder; move; <-; ->
arrow-left-square,yes,
arrow-left-to-line,no,previous; back; direction; west; collapse; fold; horizontal; |<-
arrow-right,no,forward; next; direction; east; ->
arrow-right-circle,yes,
arrow-right-from-line,no,next; forward; direction; east; export; expand; fold; horizontal; |->
arrow-right-left,no,bidirectional; two-way; 2-way; swap; switch; transaction; reorder; move; <-; ->
arrow-right-square,yes,
arrow-right-to-line,no,next; forward; direction; east; tab; keyboard; mac; indent; collapse; fold; horizontal; ->|
arrow-up,no,forward; direction; north
arrow-up-0-1,no,filter; sort; ascending; descending; increasing; decreasing; rising; falling; numerical
arrow-up-01,yes,
arrow-up-1-0,no,filter; sort; ascending; descending; increasing; decreasing; rising; falling; numerical
arrow-up-10,yes,
arrow-up-a-z,no,filter; sort; ascending; descending; increasing; decreasing; rising; falling; alphabetical
arrow-up-az,yes,
arrow-up-circle,yes,
arrow-up-down,no,bidirectional; two-way; 2-way; swap; switch; network; mobile data; internet; sort; reorder; move
arrow-up-from-dot,no,direction; north; step; out
arrow-up-from-line,no,forward; direction; north; upload; git; version control; push; expand; fold; vertical
arrow-up-left,no,direction; north-west; diagonal
arrow-up-left-from-circle,yes,
arrow-up-left-from-square,yes,
arrow-up-left-square,yes,
arrow-up-narrow-wide,no,filter; sort; ascending; descending; increasing; decreasing; rising; falling
arrow-up-right,no,direction; north-east; diagonal
arrow-up-right-from-circle,yes,
arrow-up-right-from-square,yes,
arrow-up-right-square,yes,
arrow-up-square,yes,
arrow-up-to-line,no,forward; direction; north; upload; collapse; fold; vertical
arrow-up-wide-narrow,no,filter; sort; ascending; descending; increasing; decreasing; rising; falling
arrow-up-z-a,no,filter; sort; ascending; descending; increasing; decreasing; rising; falling; alphabetical; reverse
arrow-up-za,yes,
arrows-up-from-line,no,direction; orientation; this way up; vertical; package; box; fragile; postage; shipping
asterisk,no,reference; times; multiply; multiplication; operator; code; glob pattern; wildcard; *
asterisk-square,yes,
at-sign,no,mention; at; email; message; @
atom,no,atomic; nuclear; physics; particle; element; molecule; electricity; energy; chemistry
audio-lines,no,graphic equaliser; sound; noise; listen; hearing; hertz; frequency; wavelength; vibrate; sine; synthesizer; synthesiser; levels; track; music; playback; radio; broadcast; airwaves; voice; vocals; singer; song
audio-waveform,no,sound; noise; listen; hearing; hertz; frequency; wavelength; vibrate; sine; synthesizer; synthesiser; levels; track; music; playback; radio; broadcast; airwaves; voice; vocals; singer; song
award,no,achievement; badge; rosette; prize; winner
axe,no,hatchet; weapon; chop; sharp; equipment; fireman; firefighter; brigade; lumberjack; woodcutter; logger; forestry
axis-3-d,yes,
axis-3d,no,gizmo; coordinates
baby,no,child; childproof; children
backpack,no,bag; hiking; travel; camping; school; childhood
badge,no,check; verified; unverified
badge-alert,no,check; verified; unverified; security; safety; issue
badge-cent,no,discount; offer; sale; voucher; tag; monetization; marketing; finance; financial; exchange; transaction; payment; cents; dollar; usd; $; ¢
badge-check,no,verified; check
badge-dollar-sign,no,discount; offer; sale; voucher; tag; monetization; marketing; finance; financial; exchange; transaction; payment; usd; $
badge-euro,no,discount; offer; sale; voucher; tag; monetization; marketing; finance; financial; exchange; transaction; payment; €
badge-help,yes,
badge-indian-rupee,no,discount; offer; sale; voucher; tag; monetization; marketing; finance; financial; exchange; transaction; payment; inr; ₹
badge-info,no,verified; unverified; help
badge-japanese-yen,no,discount; offer; sale; voucher; tag; monetization; marketing; finance; financial; exchange; transaction; payment; jpy; ¥
badge-minus,no,verified; unverified; delete; remove; erase
badge-percent,no,verified; unverified; sale; discount; offer; marketing; sticker; price tag
badge-plus,no,verified; unverified; add; create; new
badge-pound-sterling,no,discount; offer; sale; voucher; tag; monetization; marketing; finance; financial; exchange; transaction; payment; british; gbp; £
badge-question-mark,no,verified; unverified; help
badge-russian-ruble,no,discount; offer; sale; voucher; tag; monetization; marketing; finance; financial; exchange; transaction; payment; rub; ₽
badge-swiss-franc,no,discount; offer; sale; voucher; tag; monetization; marketing; finance; financial; exchange; transaction; payment; chf; ₣
badge-turkish-lira,no,discount; offer; sale; voucher; tag; monetization; marketing; finance; financial; exchange; transaction; payment; try; ₺
badge-x,no,verified; unverified; lost; delete; remove
baggage-claim,no,baggage; luggage; travel; cart; trolley; suitcase
balloon,no,party; festival; congratulations; celebration; decoration; colorful; floating; fun; birthday; event; entertainment
ban,no,cancel; no; stop; forbidden; prohibited; error; incorrect; mistake; wrong; failure; circle; slash; null; void
banana,no,fruit; food
bandage,no,plaster; band-aid; first aid; medical; health; wound; injury; care; treatment; healing; protection; emergency; aid; safety; patch
banknote,no,currency; money; payment
banknote-arrow-down,no,bill; currency; money; payment; funds; transaction; cash; finance; withdraw; expense; out; payout; refund; debit; spending; decrease
banknote-arrow-up,no,bill; currency; money; payment; funds; transaction; cash; finance; deposit; earnings; income; in; credit; prepaid; growth; increase
banknote-x,no,bill; currency; money; payment; funds; transaction; cash; finance; error; failed; rejected; canceled; declined; lost; delete; remove
bar-chart,yes,
bar-chart-2,yes,
bar-chart-3,yes,
bar-chart-4,yes,
bar-chart-big,yes,
bar-chart-horizontal,yes,
bar-chart-horizontal-big,yes,
barcode,no,scan; checkout; till; cart; transaction; purchase; buy; product; packaging; retail; consumer
barrel,no,keg; drum; tank; wine; beer; oak; wood; firkin; hogshead; kilderkin; barrique; solera; aging; whiskey; brewery; distillery; winery; vineyard
baseline,no,text; format; color
bath,no,amenities; services; bathroom; shower
battery,no,power; electricity; energy; accumulator; charge
battery-charging,no,power; electricity; energy; accumulator; charge
battery-full,no,power; electricity; energy; accumulator; charge
battery-low,no,power; electricity; energy; accumulator; charge
battery-medium,no,power; electricity; energy; accumulator; charge
battery-plus,no,power; electricity; energy; accumulator; charge; plus; economy; health; add; new; maximum; upgrade; extra; +
battery-warning,no,power; electricity; energy; accumulator; charge; exclamation mark
beaker,no,cup; lab; chemistry; experiment; test
bean,no,legume; soy; food; seed
bean-off,no,soy free; legume; soy; food; seed; allergy; intolerance; diet
bed,no,sleep; hotel; furniture
bed-double,no,sleep; hotel; furniture
bed-single,no,sleep; hotel; furniture
beef,no,food; dish; restaurant; course; meal; meat; bbq; steak
beer,no,alcohol; bar; beverage; brewery; drink
beer-off,no,alcohol; bar; beverage; brewery; drink
bell,no,alarm; notification; sound; reminder
bell-dot,no,alarm; notification; sound; reminder; unread
bell-electric,no,fire alarm; flames; smoke; firefighter; fireman; department; brigade; station; emergency; alert; safety; school bell; period break; recess; doorbell; entrance; entry; ring; reception
bell-minus,no,alarm; notification; silent; reminder; delete; remove; erase
bell-off,no,alarm; notification; silent; reminder
bell-plus,no,notification; silent; reminder; add; create; new
bell-ring,no,alarm; notification; sound; reminder
between-horizonal-end,yes,
between-horizonal-start,yes,
between-horizontal-end,no,insert; add; left; slot; squeeze; space; vertical; grid; table; rows; cells; excel; spreadsheet; accountancy; data; enter; entry; entries; blocks; rectangles; chevron
between-horizontal-start,no,insert; add; right; slot; squeeze; space; vertical; grid; table; rows; cells; excel; spreadsheet; accountancy; data; enter; entry; entries; blocks; rectangles; chevron
between-vertical-end,no,insert; add; top; slot; squeeze; space; vertical; grid; table; columns; cells; data; enter; entry; entries; blocks; rectangles; chevron
between-vertical-start,no,insert; add; bottom; slot; squeeze; space; vertical; grid; table; columns; cells; data; enter; entry; entries; blocks; rectangles; chevron
biceps-flexed,no,arm; muscle; strong; working out; athletic; toned; muscular; forelimb; curled
bike,no,bicycle; transport; trip
binary,no,code; digits; computer; zero; one; boolean
binoculars,no,field glasses; lorgnette; pince-nez; observation; sightseeing; nature; wildlife; birdwatching; scouting; surveillance; search; discovery; monitoring; lookout; viewpoint; travel; tourism; research
biohazard,no,fallout; waste; biology; chemistry; chemical; element
bird,no,peace; freedom; wing; avian; tweet
birdhouse,no,birdhouse; bird; garden; home; house; woodwork
bitcoin,no,currency; money; payment
blend,no,mode; overlay; multiply; screen; opacity; transparency; alpha; filters; lenses; mixed; shades; tints; hues; saturation; brightness; overlap; colors; colours
blinds,no,shades; screen; curtain; shutter; roller blind; window; lighting; household; home
blocks,no,addon; plugin; integration; extension; package; build; stack; toys; kids; children; learning; squares; corner
bluetooth,no,wireless
bluetooth-connected,no,paired
bluetooth-off,no,lost
bluetooth-searching,no,pairing
bold,no,text; strong; format
bolt,no,nut; screw; settings; preferences; configuration; controls; edit; diy; fixed; build; construction; parts
bomb,no,fatal; error; crash; blockbuster; mine; explosion; explode; explosive
bone,no,health; skeleton; skull; death; pets; dog
book,no,reading; paperback; booklet; magazine; leaflet; pamphlet; tome; library; writing; written; writer; author; story; script; fiction; novel; information; knowledge; education; high school; university; college; academy; student; study; learning; homework; research; documentation
book-a,no,dictionary; define; definition; thesaurus; encyclopedia; encyclopaedia; reading; booklet; magazine; leaflet; pamphlet; tome; library; writing; written; writer; author; story; script; fiction; novel; information; knowledge; education; high school; university; college; academy; student; study; learning; homework; research; language; translate; alphabetical; a-z; ordered
book-alert,no,reading; paperback; booklet; magazine; leaflet; pamphlet; tome; library; writing; written; writer; author; story; script; fiction; novel; information; knowledge; education; high school; university; college; academy; student; study; learning; homework; research; documentation; warning; alert; danger; exclamation mark
book-audio,no,audiobook; reading; listening; sound; story; fiction; novel; information; knowledge; education; student; study; learning; research
book-check,no,read; booklet; magazine; leaflet; pamphlet; library; written; authored; published; informed; knowledgeable; educated; schooled; homework; examined; tested; marked; passed; graduated; studied; learned; lesson; researched; documented; revealed; blank; plain language; true; truth; verified; corrected; task; todo; done; completed; finished; ticked
book-copy,no,code; coding; version control; git; repository; clone; fork; duplicate; multiple; books; library; copies; copied; plagiarism; plagiarised; plagiarized; reading list; information; informed; knowledge; knowledgeable; knowledgable; education; high school; university; college; academy; student; study; learning; research; smart; intelligent; intellectual
book-dashed,no,code; coding; version control; git; repository; template; draft; script; screenplay; writing; writer; author; unwritten; unpublished; untold
book-down,no,code; coding; version control; git; repository; pull
book-headphones,no,audiobook; reading; listening; sound; story; fiction; novel; information; knowledge; education; student; study; learning; research
book-heart,no,diary; romance; novel; journal; entry; entries; personal; private; secret; crush; like; love; emotion; feminine; girls; teens; teenager; therapy; theraputic; therapist; planner; organizer; organiser; notes; notepad; stationery; sketchbook; writing; written; reading; favorite; favourite; high school
book-image,no,images; pictures; photos; album; collection; event; magazine; catalog; catalogue; brochure; browse; gallery
book-key,no,code; coding; version control; git; repository; private; public; secret; unlocked; hidden; revealed; knowledge; learning
book-lock,no,code; coding; version control; git; repository; private; secret; hidden; knowledge
book-marked,no,dictionary; reading; booklet; magazine; leaflet; pamphlet; tome; library; writing; written; writer; author; story; script; fiction; novel; information; knowledge; education; high school; university; college; academy; student; study; learning; homework; research; documentation; saved; later; future; reference; index; code; coding; version control; git; repository
book-minus,no,code; coding; version control; git; repository; remove; delete; censor; cancel; forbid; prohibit; ban; uneducated; re-educate; unlearn; downgrade
book-open,no,reading; pages; booklet; magazine; leaflet; pamphlet; library; writing; written; writer; author; story; script; screenplay; fiction; novel; information; knowledge; education; high school; university; college; academy; student; study; learning; homework; research; documentation; revealed; blank; plain
book-open-check,no,read; pages; booklet; magazine; leaflet; pamphlet; library; written; authored; published; informed; knowledgeable; educated; schooled; homework; examined; tested; marked; passed; graduated; studied; learned; lesson; researched; documented; revealed; blank; plain language; true; truth; verified; corrected; task; todo; done; completed; finished; ticked
book-open-text,no,reading; pages; booklet; magazine; leaflet; pamphlet; library; writing; written; writer; author; story; script; fiction; novel; information; knowledge; education; high school; university; college; academy; student; study; learning; homework; research; documentation; revealed
book-plus,no,code; coding; version control; git; repository; remove; delete; read; write; author; publish; inform; graduate; re-educate; study; learn; research; knowledge; improve; upgrade; level up
book-search,no,reading; library; study; education; research; knowledge; discover; browsing; lookup; finding; scanning
book-template,yes,
book-text,no,reading; booklet; magazine; leaflet; pamphlet; tome; library; writing; written; writer; author; story; script; fiction; novel; information; knowledge; education; high school; university; college; academy; student; study; learning; homework; research; documentation
book-type,no,thesaurus; synonym; reading; booklet; magazine; leaflet; pamphlet; tome; library; writing; written; writer; author; story; script; fiction; novel; information; knowledge; education; high school; university; college; academy; student; study; learning; homework; research; language; translate; typography; fonts; collection
book-up,no,code; coding; version control; git; repository; push
book-up-2,no,code; coding; version control; git; repository; push; force
book-user,no,person; people; family; friends; acquaintances; contacts; details; addresses; phone numbers; directory; listing; networking
book-x,no,code; coding; version control; git; repository; remove; delete; reading; misinformation; disinformation; misinformed; charlatan; sophistry; false; lies; untruth; propaganda; censored; cancelled; forbidden; prohibited; banned; uneducated; re-education; unlearn
bookmark,no,save; favorite; mark; label; attachment; file; stick; pin; read; clip; marker; tag
bookmark-check,no,read; finished; complete; clip; marker; tag; task; todo
bookmark-minus,no,delete; remove
bookmark-plus,no,add
bookmark-x,no,read; clip; marker; tag; cancel; close; delete; remove; clear
boom-box,no,radio; speakers; audio; music; sound; broadcast; live; frequency
bot,no,robot; ai; chat; assistant
bot-message-square,no,robot; ai; chat; assistant
bot-off,no,robot; ai; chat; assistant
bottle-wine,no,alcohol; drink; glass; goblet; chalice; vineyard; winery; red; white; rose; dry; sparkling; bar; party; nightclub; nightlife; sommelier; restaurant; dinner; meal
bow-arrow,no,archer; archery; game; war; weapon
box,no,cube; package; container; storage; geometry; 3d; isometric
box-select,yes,
boxes,no,cubes; packages; parts; group; units; collection; cluster; geometry
braces,no,json; code; token; curly brackets; data; {; }
brackets,no,code; token; array; list; square; [; ]
brain,no,medical; mind; mental; intellect; cerebral; consciousness; genius; artificial intelligence; ai; think; thought; insight; intelligent; smart
brain-circuit,no,mind; intellect; artificial intelligence; ai; deep learning; machine learning; computing
brain-cog,no,mind; intellect; artificial intelligence; ai; deep learning; machine learning; computing
brick-wall,no,bricks; mortar; cement; materials; construction; builder; labourer; quantity surveyor; blocks; stone
brick-wall-fire,no,firewall; security; bricks; mortar; cement; materials; construction; builder; labourer; quantity surveyor; blocks; stone; campfire; camping; wilderness; outdoors; lit; warmth; wood; twigs; sticks
brick-wall-shield,no,firewall; security; bricks; mortar; cement; materials; construction; builder; labourer; quantity surveyor; blocks; stone; cybersecurity; secure; safety; protection; guardian; armored; armoured; defense; defence; defender; block; threat; prevention; antivirus; vigilance; vigilant; detection; scan; find; strength; strong; tough; invincible; invincibility; invulnerable; undamaged; audit; admin; verification; crest; bravery; knight; foot soldier; infantry; trooper; pawn; battle; war; military; army; cadet; scout
briefcase,no,work; bag; baggage; folder
briefcase-business,no,work; bag; baggage; folder; portfolio
briefcase-conveyor-belt,no,baggage; luggage; travel; suitcase; conveyor; carousel
briefcase-medical,no,doctor; medicine; first aid
bring-to-front,no,bring; send; move; over; forward; front; overlap; layer; order
brush,no,clean; sweep; refactor; remove; draw; paint; color; artist
brush-cleaning,no,cleaning; utensil; housekeeping; tool; sweeping; scrubbing; hygiene; maintenance; household; cleaner; chores; equipment; sanitation; bristles; handle; home care; sanitize; purify; wash; disinfect; sterilize; scrub; polish; decontaminate; wipe; spotless; remove; empty; erase; purge; eliminate
bubbles,no,water; cleaning; soap; bath; hygiene; freshness; wash; foam; cleanliness; shampoo; purity; splash; lightness; airy; relaxation; spa; bubbly; fluid; floating; drop
bug,no,issue; error; defect; testing; troubleshoot; problem; report; debug; code; insect; beetle
bug-off,no,issue; fixed; resolved; testing; debug; code; insect; kill; exterminate; pest control
bug-play,no,issue; testing; debug; reproduce; code; insect
building,no,organisation; organization
building-2,no,business; company; enterprise; skyscraper; organisation; organization; city
bus,no,bus; vehicle; transport; trip
bus-front,no,coach; vehicle; trip; road
cable,no,cord; wire; connector; connection; link; signal; console; computer; equipment; electricity; energy; electronics; recharging; charger; power; supply; disconnected; unplugged; plugs; interface; input; output; audio video; av; rca; scart; tv; television; optical
cable-car,no,ski lift; winter holiday; alpine; resort; mountains
cake,no,birthday; birthdate; celebration; party; surprise; gateaux; dessert; fondant; icing sugar; sweet; baking
cake-slice,no,birthday; birthdate; celebration; party; surprise; gateaux; dessert; candles; wish; fondant; icing sugar; sweet; baking
calculator,no,count; calculating machine
calendar,no,date; month; year; event; birthday; birthdate
calendar-1,no,date; month; year; event; single; singular; once; 1; first
calendar-arrow-down,no,date; month; year; event; sort; order; ascending; descending; increasing; decreasing; rising; falling
calendar-arrow-up,no,date; month; year; event; sort; order; ascending; descending; increasing; decreasing; rising; falling
calendar-check,no,date; day; month; year; event; confirm; subscribe; schedule; done; todo; tick; complete; task
calendar-check-2,no,date; day; month; year; event; confirm; subscribe; schedule; done; todo; tick; complete; task
calendar-clock,no,date; day; month; year; event; clock; hour
calendar-cog,no,date; day; month; year; events; settings; gear; cog
calendar-days,no,date; month; year; event
calendar-fold,no,date; month; year; event; birthday; birthdate; ics
calendar-heart,no,date; month; year; event; heart; favourite; subscribe; valentines day
calendar-minus,no,date; day; month; year; event; delete; remove
calendar-minus-2,no,date; day; month; year; event; delete; remove
calendar-off,no,date; day; month; year; event; delete; remove
calendar-plus,no,date; day; month; year; event; add; subscribe; create; new
calendar-plus-2,no,date; day; month; year; event; add; subscribe; create; new
calendar-range,no,date; day; month; year; event; range; period
calendar-search,no,date; day; month; year; events; search; lens
calendar-sync,no,repeat; refresh; reconnect; transfer; backup; date; month; year; event; subscribe; recurring; schedule; reminder; automatic; auto
calendar-x,no,date; day; month; year; event; remove; busy
calendar-x-2,no,date; day; month; year; event; remove
calendars,no,date; month; year; event; dates; months; years; events
camera,no,photography; lens; focus; capture; shot; visual; image; device; equipment; photo; webcam; video
camera-off,no,photo; webcam; video
candlestick-chart,yes,
candy,no,sugar; food; sweet
candy-cane,no,sugar; food; sweet; christmas; xmas
candy-off,no,sugar free; food; sweet; allergy; intolerance; diet
cannabis,no,cannabis; weed; leaf
cannabis-off,no,cannabis; weed; leaf
captions,no,closed captions; subtitles; subhead; transcription; transcribe; dialogue; accessibility
captions-off,no,closed captions; subtitles; subhead; transcription; transcribe; dialogue; accessibility
car,no,vehicle; drive; trip; journey
car-front,no,vehicle; drive; trip; journey
car-taxi-front,no,cab; vehicle; drive; trip; journey
caravan,no,trailer; tow; camping; campsite; mobile home; holiday; nomadic; wilderness; outdoors
card-sim,no,cellphone; smartphone; mobile; network; cellular; service; provider; signal; coverage; disk; data; format; storage; flash; digital; contacts; phone book; contractual; circuit board; chip
carrot,no,vegetable; food; eat
case-lower,no,text; letters; characters; font; typography
case-sensitive,no,text; letters; characters; font; typography
case-upper,no,text; letters; characters; font; typography
cassette-tape,no,audio; music; recording; play
cast,no,chromecast; airplay; screen
castle,no,fortress; stronghold; palace; chateau; building
cat,no,animal; pet; kitten; feline
cctv,no,camera; surveillance; recording; film; videotape; crime; watching
chart-area,no,statistics; analytics; diagram; graph; area
chart-bar,no,statistics; analytics; diagram; graph
chart-bar-big,no,statistics; analytics; diagram; graph
chart-bar-decreasing,no,statistics; analytics; diagram; graph; trending down
chart-bar-increasing,no,statistics; analytics; diagram; graph; trending up
chart-bar-stacked,no,statistics; analytics; diagram; graph; multivariate; categorical; comparison
chart-candlestick,no,trading; trader; financial; markets; portfolio; assets; prices; value; valuation; commodities; currencies; currency; stocks; exchange; hedge fund; statistics; analytics; diagram; graph
chart-column,no,statistics; analytics; diagram; graph
chart-column-big,no,statistics; analytics; diagram; graph
chart-column-decreasing,no,statistics; analytics; diagram; graph; trending down
chart-column-increasing,no,statistics; analytics; diagram; graph; trending up
chart-column-stacked,no,statistics; analytics; diagram; graph; multivariate; categorical; comparison
chart-gantt,no,diagram; graph; timeline; planning
chart-line,no,statistics; analytics; diagram; graph
chart-network,no,statistics; analytics; diagram; graph; topology; cluster; web; nodes; connections; edges
chart-no-axes-column,no,statistics; analytics; diagram; graph
chart-no-axes-column-decreasing,no,statistics; analytics; diagram; graph; trending down
chart-no-axes-column-increasing,no,statistics; analytics; diagram; graph; trending up
chart-no-axes-combined,no,statistics; analytics; diagram; graph; trending up
chart-no-axes-gantt,no,projects; manage; overview; roadmap; plan; intentions; timeline; deadline; date; event; range; period; productivity; work; agile; code; coding
chart-pie,no,statistics; analytics; diagram; presentation
chart-scatter,no,statistics; analytics; diagram; graph
chart-spline,no,statistics; analytics; diagram; graph; curve; continuous; smooth; polynomial; quadratic; function; interpolation
check,no,done; todo; tick; complete; task
check-check,no,done; received; double; todo; tick; complete; task
check-circle,yes,
check-circle-2,yes,
check-line,no,done; todo; tick; complete; task
check-square,yes,
check-square-2,yes,
chef-hat,no,cooking; food; kitchen; restaurant
cherry,no,fruit; food
chess-bishop,no,mitre; miter; piece; board game; religion
chess-king,no,ruler; crown; piece; board game; stalemate
chess-knight,no,piece; horse; board game
chess-pawn,no,piece; board game
chess-queen,no,ruler; crown; piece; board game; stalemate
chess-rook,no,castle; piece; board game
chevron-down,no,backwards; reverse; slow; dropdown
chevron-down-circle,yes,
chevron-down-square,yes,
chevron-first,no,previous; music
chevron-last,no,skip; next; music
chevron-left,no,back; previous; less than; fewer; menu; <
chevron-left-circle,yes,
chevron-left-square,yes,
chevron-right,no,forward; next; more than; greater; menu; code; coding; command line; terminal; prompt; shell; >
chevron-right-circle,yes,
chevron-right-square,yes,
chevron-up,no,caret; keyboard; mac; control; ctrl; superscript; exponential; power; ahead; fast; ^; dropdown
chevron-up-circle,yes,
chevron-up-square,yes,
chevrons-down,no,backwards; reverse; slower
chevrons-down-up,no,collapse; fold; vertical
chevrons-left,no,turn; corner
chevrons-left-right,no,expand; horizontal; unfold
chevrons-left-right-ellipsis,no,internet; network; connection; cable; lan; port; router; switch; hub; modem; web; online; networking; communication; socket; plug; slot; controller; connector; interface; console; signal; data; input; output
chevrons-right,no,turn; corner
chevrons-right-left,no,collapse; fold; horizontal
chevrons-up,no,forward; ahead; faster; speed; boost
chevrons-up-down,no,expand; unfold; vertical
chrome,yes,
chromium,no,browser; logo
church,no,temple; building
cigarette,no,smoking
cigarette-off,no,smoking; no-smoking
circle,no,off; zero; record; shape
circle-alert,no,warning; alert; danger; exclamation mark
circle-arrow-down,no,backwards; reverse; direction; south; sign; button
circle-arrow-left,no,previous; back; direction; west; sign; turn; button; <-
circle-arrow-out-down-left,no,outwards; direction; south-west; diagonal
circle-arrow-out-down-right,no,outwards; direction; south-east; diagonal
circle-arrow-out-up-left,no,outwards; direction; north-west; diagonal; keyboard; button; escape
circle-arrow-out-up-right,no,outwards; direction; north-east; diagonal
circle-arrow-right,no,next; forward; direction; east; sign; turn; button; ->
circle-arrow-up,no,forward; direction; north; sign; button
circle-check,no,done; todo; tick; complete; task
circle-check-big,no,done; todo; tick; complete; task
circle-chevron-down,no,back; menu
circle-chevron-left,no,back; previous; less than; fewer; menu; <
circle-chevron-right,no,back; more than; greater; menu; >
circle-chevron-up,no,caret; ahead; menu; ^
circle-dashed,no,pending; dot; progress; issue; draft; code; coding; version control
circle-divide,no,calculate; math; ÷; /
circle-dollar-sign,no,monetization; marketing; currency; money; payment
circle-dot,no,pending; dot; progress; issue; code; coding; version control; choices; multiple choice; choose
circle-dot-dashed,no,pending; dot; progress; issue; draft; code; coding; version control
circle-ellipsis,no,ellipsis; et cetera; etc; loader; loading; progress; pending; throbber; menu; options; operator; code; spread; rest; more; further; extra; overflow; dots; …; ...
circle-equal,no,calculate; shape; =
circle-fading-arrow-up,no,north; up; upgrade; improve; circle; button
circle-fading-plus,no,stories; social media; instagram; facebook; meta; snapchat; sharing; content
circle-gauge,no,dashboard; dial; meter; speed; pressure; measure; level
circle-help,yes,
circle-minus,no,subtract; remove; decrease; reduce; calculate; line; operator; code; coding; minimum; downgrade; -
circle-off,no,diameter; zero; Ø; nothing; null; void; cancel; ban; no; stop; forbidden; prohibited; error; incorrect; mistake; wrong; failure
circle-parking,no,parking lot; car park
circle-parking-off,no,parking lot; car park; no parking
circle-pause,no,music; audio; stop
circle-percent,no,verified; unverified; sale; discount; offer; marketing; sticker; price tag
circle-pile,no,off; zero; record; shape; circle-pile; circle; pile; stack; layer; structure; form; group; collection; stock; inventory; materials; warehouse
circle-play,no,music; start; run
circle-plus,no,add; new; increase; increment; positive; calculate; crosshair; aim; target; scope; sight; reticule; maximum; upgrade; extra; operator; join; concatenate; code; coding; +
circle-pound-sterling,no,monetization; coin; penny; marketing; currency; money; payment; british; gbp; £
circle-power,no,on; off; device; switch; toggle; binary; boolean; reboot; restart; button; keyboard; troubleshoot
circle-question-mark,no,question mark
circle-slash,no,diameter; zero; Ø; nothing; null; void; cancel; ban; no; stop; forbidden; prohibited; error; incorrect; mistake; wrong; failure; divide; division; or; /
circle-slash-2,no,diameter; zero; ø; nothing; null; void; ban; math; divide; division; half; split; /; average; avg; mean; median; normal
circle-slashed,yes,
circle-small,no,shape; bullet; gender; genderless
circle-star,no,badge; medal; honour; decoration; order; pin; laurel; trophy; medallion; insignia; bronze; silver; gold
circle-stop,no,media; music
circle-user,no,person; account; contact
circle-user-round,no,person; account; contact
circle-x,no,cancel; close; delete; remove; times; clear; error; incorrect; wrong; mistake; failure; linter; multiply; multiplication
circuit-board,no,computing; electricity; electronics
citrus,no,lemon; orange; grapefruit; fruit
clapperboard,no,movie; film; video; camera; cinema; cut; action; television; tv; show; entertainment
clipboard,no,copy; paste
clipboard-check,no,copied; pasted; done; todo; tick; complete; task
clipboard-clock,no,copy; paste; history; log; clock; time; watch; alarm; hour; minute; reminder; scheduled; deadline; pending; time tracking; timesheets; appointment; logbook
clipboard-copy,no,copy; paste
clipboard-edit,yes,
clipboard-list,no,copy; paste; tasks
clipboard-minus,no,copy; delete; remove; erase; document; medical; report; doctor
clipboard-paste,no,copy; paste
clipboard-pen,no,paste; signature
clipboard-pen-line,no,paste
clipboard-plus,no,copy; paste; add; create; new; document; medical; report; doctor
clipboard-signature,yes,
clipboard-type,no,paste; format; text
clipboard-x,no,copy; paste; discard; remove
clock,no,time; watch; alarm
clock-1,no,time; watch; alarm
clock-10,no,time; watch; alarm
clock-11,no,time; watch; alarm
clock-12,no,time; watch; alarm; noon; midnight
clock-2,no,time; watch; alarm
clock-3,no,time; watch; alarm
clock-4,no,time; watch; alarm
clock-5,no,time; watch; alarm
clock-6,no,time; watch; alarm
clock-7,no,time; watch; alarm
clock-8,no,time; watch; alarm
clock-9,no,time; watch; alarm
clock-alert,no,time; watch; alarm; warning; wrong
clock-arrow-down,no,time; watch; alarm; sort; order; ascending; descending; increasing; decreasing; rising; falling
clock-arrow-up,no,time; watch; alarm; sort; order; ascending; descending; increasing; decreasing; rising; falling
clock-check,no,time; watch; alarm
clock-fading,no,time; watch; alarm
clock-plus,no,time; watch; alarm; add; create; new
closed-caption,no,tv; movie; video; closed captions; subtitles; subhead; transcription; transcribe; dialogue; accessibility
cloud,no,weather
cloud-alert,no,weather; danger; warning; alert; error; sync; network; exclamation
cloud-backup,no,storage; memory; bytes; servers; backup; timemachine; rotate; synchronize; synchronise; refresh; reconnect; transfer; data; security; upload; save; remote; safety
cloud-check,no,sync; network; success; done; completed; saved; persisted
cloud-cog,no,computing; ai; cluster; network
cloud-download,no,import
cloud-drizzle,no,weather; shower
cloud-fog,no,weather; mist
cloud-hail,no,weather; rainfall
cloud-lightning,no,weather; bolt
cloud-moon,no,weather; night
cloud-moon-rain,no,weather; partly; night; rainfall
cloud-off,no,disconnect
cloud-rain,no,weather; rainfall
cloud-rain-wind,no,weather; rainfall
cloud-snow,no,weather; blizzard
cloud-sun,no,weather; partly
cloud-sun-rain,no,weather; partly; rainfall
cloud-sync,no,synchronize; synchronise; refresh; reconnect; transfer; backup; storage; upload; download; connection; network; data
cloud-upload,no,file
cloudy,no,weather; clouds
clover,no,leaf; luck; plant
club,no,shape; suit; playing; cards
code,no,source; programming; html; xml
code-2,yes,
code-square,yes,
code-xml,no,source; programming; html; xml
codepen,no,logo
codesandbox,no,logo
coffee,no,drink; cup; mug; tea; cafe; hot; beverage
cog,no,computing; settings; cog; edit; gear; preferences; controls; configuration; fixed; build; construction; parts
coins,no,money; cash; finance; gamble
columns,yes,
columns-2,no,lines; list; queue; preview; panel; parallel; series; split; vertical; horizontal; half; center; middle; even; sidebar; drawer; gutter; fold; reflow; typography; pagination; pages
columns-3,no,lines; list; queue; preview; parallel; series; split; vertical; horizontal; thirds; triple; center; middle; alignment; even; sidebars; drawers; gutters; fold; reflow; typography; pagination; pages
columns-3-cog,no,columns; settings; customize; table; grid; adjust; configuration; panel; layout
columns-4,no,lines; list; queue; preview; parallel; series; split; vertical; horizontal; thirds; triple; center; middle; alignment; even; sidebars; drawers; gutters; fold; reflow; typography; pagination; pages; prison; jail; bars; sentence; police; cops; cell; crime; criminal; justice; law; enforcement; grill
columns-settings,yes,
combine,no,cubes; packages; parts; units; collection; cluster; combine; gather; merge
command,no,keyboard; key; mac; cmd; button
compass,no,direction; north; east; south; west; safari; browser
component,no,design; element; group; module; part; symbol
computer,no,pc; chassis; codespaces; github
concierge-bell,no,reception; bell; porter
cone,no,conical; triangle; triangular; geometry; filter; funnel; hopper; spotlight; searchlight
construction,no,roadwork; maintenance; blockade; barricade
contact,no,user; person; family; friend; acquaintance; listing; networking
contact-2,yes,
contact-round,no,user; person; family; friend; acquaintance; listing; networking
container,no,storage; shipping; freight; supply chain; docker; environment; devops; code; coding
contrast,no,display; accessibility
cookie,no,biscuit; privacy; legal; food
cooking-pot,no,pod; cooking; recipe; food; kitchen; chef; restaurant; dinner; lunch; breakfast; meal; eat
copy,no,clone; duplicate; multiple
copy-check,no,clone; duplicate; done; multiple
copy-minus,no,clone; duplicate; remove; delete; collapse; subtract; multiple; -
copy-plus,no,clone; duplicate; add; multiple; expand; +
copy-slash,no,clone; duplicate; cancel; ban; no; stop; forbidden; prohibited; error; multiple; divide; division; split; or; /
copy-x,no,cancel; close; delete; remove; clear; multiple; multiply; multiplication; times
copyleft,no,licence
copyright,no,licence; license
corner-down-left,no,arrow; return
corner-down-right,no,arrow; indent; tab
corner-left-down,no,arrow
corner-left-up,no,arrow
corner-right-down,no,arrow
corner-right-up,no,arrow
corner-up-left,no,arrow
corner-up-right,no,arrow
cpu,no,processor; cores; technology; computer; chip; circuit; memory; ram; specs; gigahertz; ghz
creative-commons,no,licence; license
credit-card,no,bank; purchase; payment; cc
croissant,no,bakery; cooking; food; pastry
crop,no,photo; image
cross,no,healthcare; first aid
crosshair,no,aim; target
crown,no,diadem; tiara; circlet; corona; king; ruler; winner; favourite
cuboid,no,brick; block; container; storage; geometry; rectangular; hexahedron
cup-soda,no,beverage; cup; drink; soda; straw; water
curly-braces,yes,
currency,no,finance; money
cylinder,no,shape; elliptical; geometry; container; storage; tin; pot
dam,no,electricity; energy; water
database,no,storage; memory; container; tin; pot; bytes; servers
database-backup,no,storage; memory; bytes; servers; backup; timemachine; rotate; arrow; left
database-zap,no,cache busting; storage; memory; bytes; servers; power; crash
decimals-arrow-left,no,numerical; decimal; decrease; less; fewer; precision; rounding; digits; fraction; float; number
decimals-arrow-right,no,numerical; decimal; increase; more; precision; rounding; digits; fraction; float; number
delete,no,backspace; remove
dessert,no,pudding; christmas; xmas; custard; iced bun; icing; fondant; cake; ice cream; gelato; sundae; scoop; dollop; sugar; food; sweet
diameter,no,shape; circle; geometry; trigonometry; width; height; size; calculate; measure
diamond,no,square; rectangle; oblique; rhombus; shape; suit; playing; cards
diamond-minus,no,keyframe; subtract; remove; decrease; reduce; calculator; button; keyboard; line; divider; separator; horizontal rule; hr; html; markup; markdown; ---; toolbar; operator; code; coding; minimum; downgrade
diamond-percent,no,verified; unverified; sale; discount; offer; marketing; sticker; price tag
diamond-plus,no,keyframe; add; new; increase; increment; positive; calculate; toolbar; crosshair; aim; target; scope; sight; reticule; maximum; upgrade; extra; +
dice-1,no,dice; random; tabletop; 1; board; game
dice-2,no,dice; random; tabletop; 2; board; game
dice-3,no,dice; random; tabletop; 3; board; game
dice-4,no,dice; random; tabletop; 4; board; game
dice-5,no,dice; random; tabletop; 5; board; game
dice-6,no,dice; random; tabletop; 6; board; game
dices,no,dice; random; tabletop; board; game
diff,no,patch; difference; compare; plus; minus; plus-minus; math
disc,no,album; music; songs; format; cd; dvd; vinyl; sleeve; cover; platinum; compilation; ep; recording; playback; spin; rotate; rpm; dj
disc-2,no,album; music; vinyl; record; cd; dvd; format; dj; spin; rotate; rpm
disc-3,no,album; music; vinyl; record; cd; dvd; format; dj; spin; rotate; rpm
disc-album,no,album; music; songs; format; cd; dvd; vinyl; sleeve; cover; platinum; compilation; ep; recording; playback; spin; rotate; rpm; dj
divide,no,calculate; math; division; operator; code; ÷; /
divide-circle,yes,
divide-square,yes,
dna,no,gene; gmo; helix; heredity; chromosome; nucleic acid
dna-off,no,gene; gmo free; helix; heredity; chromosome; nucleic acid
dock,no,desktop; applications; launch; home; menu bar; bottom; line; macos; osx
dog,no,animal; pet; puppy; hound; canine
dollar-sign,no,currency; money; payment
donut,no,doughnut; sprinkles; topping; fast food; junk food; snack; treat; sweet; sugar; dessert; hollow; ring
door-closed,no,entrance; entry; exit; ingress; egress; gate; gateway; emergency exit
door-closed-locked,no,entrance; entry; exit; ingress; egress; gate; gateway; emergency exit; lock
door-open,no,entrance; entry; exit; ingress; egress; gate; gateway; emergency exit
dot,no,interpunct; interpoint; middot; step; punctuation; period; full stop; end; finish; final; characters; font; typography; type; center; .
dot-square,yes,
download,no,import; export; save
download-cloud,yes,
drafting-compass,no,geometry; trigonometry; radius; diameter; circumference; calculate; measure; arc; curve; draw; sketch
drama,no,drama; masks; theater; theatre; entertainment; show
dribbble,no,design; social
drill,no,power; bit; head; hole; diy; toolbox; build; construction
drone,no,quadcopter; uav; aerial; flight; flying; technology; airborne; robotics
droplet,no,water; weather; liquid; fluid; wet; moisture; damp; bead; globule
droplet-off,no,water; weather; liquid; fluid; wet; moisture; damp; bead; globule
droplets,no,water; weather; liquid; fluid; wet; moisture; damp; bead; globule
drum,no,drummer; kit; sticks; instrument; beat; bang; bass; backing track; band; play; performance; concert; march; music; audio; sound; noise; loud
drumstick,no,food; chicken; meat
dumbbell,no,barbell; weight; workout; gym
ear,no,hearing; noise; audio; accessibility
ear-off,no,hearing; hard of hearing; hearing loss; deafness; noise; silence; audio; accessibility
earth,no,world; browser; language; translate; globe
earth-lock,no,vpn; private; privacy; network; world; browser; security; encryption; protection; connection
eclipse,no,lunar; solar; crescent moon; sun; earth; day; night; planet; space; mode; dark; light; toggle; switch; color; css; styles; display; accessibility; contrast; brightness; blend; shade
edit,yes,
edit-2,yes,
edit-3,yes,
egg,no,bird; chicken; nest; hatch; shell; incubate; soft boiled; hard; breakfast; brunch; morning; easter
egg-fried,no,food; breakfast
egg-off,no,egg free; vegan; hatched; bad egg
ellipsis,no,et cetera; etc; loader; loading; progress; pending; throbber; menu; options; operator; code; coding; spread; rest; more; further; extra; overflow; dots; …; ...
ellipsis-vertical,no,menu; options; spread; more; further; extra; overflow; dots; …; ...
equal,no,calculate; math; operator; assignment; code; =
equal-approximately,no,about; calculate; math; operater
equal-not,no,calculate; off; math; operator; code; ≠
equal-square,yes,
eraser,no,pencil; drawing; undo; delete; clear; trash; remove
ethernet-port,no,internet; network; connection; cable; lan; port; router; switch; hub; modem; web; online; networking; communication; socket; plug; slot; controller; connector; interface; console; signal; data; input; output
euro,no,currency; money; payment
ev-charger,no,electric; charger; station; vehicle; fast; plug; ev; power; electricity; energy; accumulator; charge
expand,no,scale; fullscreen; maximize; minimize; contract
external-link,no,outbound; open; share
eye,no,view; watch; see; show; expose; reveal; display; visible; visibility; vision; preview; read
eye-closed,no,view; watch; see; hide; conceal; mask; hidden; visibility; vision
eye-off,no,view; watch; see; hide; conceal; mask; hidden; visibility; vision
facebook,no,logo; social
factory,no,building; business; energy; industry; manufacture; sector
fan,no,air; cooler; ventilation; ventilator; blower
fast-forward,no,music
feather,no,logo
fence,no,picket; panels; woodwork; diy; materials; suburban; garden; property; territory
ferris-wheel,no,big wheel; daisy wheel; observation; attraction; entertainment; amusement park; theme park; funfair
figma,no,logo; design; tool
file,no,document
file-archive,no,zip; package; archive
file-audio,yes,
file-audio-2,yes,
file-axis-3-d,yes,
file-axis-3d,no,model; 3d; axis; coordinates
file-badge,no,award; achievement; badge; rosette; prize; winner
file-badge-2,yes,
file-bar-chart,yes,
file-bar-chart-2,yes,
file-box,no,box; package; model
file-braces,no,code; json; curly braces; curly brackets
file-braces-corner,no,code; json; curly braces; curly brackets
file-chart-column,no,statistics; analytics; diagram; graph; presentation
file-chart-column-increasing,no,statistics; analytics; diagram; graph; presentation; trending up
file-chart-line,no,statistics; analytics; diagram; graph; presentation
file-chart-pie,no,statistics; analytics; diagram; graph; presentation
file-check,no,done; document; todo; tick; complete; task
file-check-2,yes,
file-check-corner,no,done; document; todo; tick; complete; task
file-clock,no,history; log; clock
file-code,no,script; document; gist; html; xml; property list; plist
file-code-2,yes,
file-code-corner,no,script; document; html; xml; property list; plist
file-cog,no,executable; settings; cog; edit; gear
file-cog-2,yes,
file-diff,no,diff; patch
file-digit,no,number; document
file-down,no,download; import; export
file-edit,yes,
file-exclamation-point,no,hidden; warning; alert; danger; protected; exclamation mark
file-headphone,no,music; audio; sound; headphones
file-heart,no,heart; favourite; bookmark; quick link
file-image,no,image; graphics; photo; picture
file-input,no,document
file-json,yes,
file-json-2,yes,
file-key,no,key; private; public; security
file-key-2,yes,
file-line-chart,yes,
file-lock,no,lock; password; security
file-lock-2,yes,
file-minus,no,delete; remove; erase; document
file-minus-2,yes,
file-minus-corner,no,document
file-music,no,audio; sound; noise; track; digital; recording; playback; piano; keyboard; keys; notes; chord; midi; octave
file-output,no,document
file-pen,no,signature
file-pen-line,no,edit
file-pie-chart,yes,
file-play,no,movie; video; film
file-plus,no,add; create; new; document
file-plus-2,yes,
file-plus-corner,no,add; create; new; document
file-question,yes,
file-question-mark,no,readme; help; question
file-scan,no,scan; code; qr-code
file-search,no,lost; document; find; browser; lens
file-search-2,yes,
file-search-corner,no,lost; document; find; browser; lens
file-signal,no,audio; music; volume
file-signature,yes,
file-sliders,no,cogged; gear; mechanical; machinery; configuration; controls; preferences; settings; system; admin; edit; executable
file-spreadsheet,no,spreadsheet; sheet; table
file-stack,no,versions; multiple; copy; documents; revisions; version control; history
file-symlink,no,symlink; symbolic; link
file-terminal,no,terminal; bash; script; executable
file-text,no,data; txt; pdf; document
file-type,no,font; text; typography; type
file-type-2,yes,
file-type-corner,no,font; text; typography; type
file-up,no,upload; import; export
file-user,no,person; personal information; people; listing; networking; document; contact; cover letter; resume; cv; curriculum vitae; application form
file-video,yes,
file-video-2,yes,
file-video-camera,no,movie; video; film
file-volume,no,audio; music; volume
file-volume-2,yes,
file-warning,yes,
file-x,no,lost; delete; remove; document
file-x-2,yes,
file-x-corner,no,lost; delete; remove; document
files,no,multiple; copy; documents
film,no,movie; video; reel; camera; cinema; entertainment
filter,yes,
filter-x,yes,
fingerprint,yes,
fingerprint-pattern,no,2fa; authentication; biometric; identity; security
fire-extinguisher,no,flames; smoke; foam; water; spray; hose; firefighter; fireman; department; brigade; station; emergency; suppress; compressed; tank; cylinder; safety; equipment; amenities
fish,no,dish; restaurant; course; meal; seafood; pet; sea; marine
fish-off,no,food; dish; restaurant; course; meal; seafood; animal; pet; sea; marine; allergy; intolerance; diet
fish-symbol,no,dish; restaurant; course; meal; seafood; pet; sea; marine
fishing-hook,no,sea; boating; angler; bait; reel; tackle; marine; outdoors; fish; fishing; hook; sports; travel
flag,no,report; marker; notification; warning; milestone; goal; notice; signal; attention; banner
flag-off,no,unflag; unmark; report; marker; notification; warning; milestone; goal; notice; signal; attention; banner
flag-triangle-left,no,report; timeline; marker; pin
flag-triangle-right,no,report; timeline; marker; pin
flame,no,heat; burn; light; glow; ignite; passion; ember; fire; lit; burning; spark; embers; smoke; firefighter; fireman; department; brigade; station; emergency
flame-kindling,no,campfire; camping; wilderness; outdoors; lit; warmth; wood; twigs; sticks
flashlight,no,torch; light; beam; emergency; safety; tool; bright
flashlight-off,no,torch; light; beam; emergency; safety; tool; bright
flask-conical,no,beaker; erlenmeyer; lab; chemistry; experiment; test
flask-conical-off,no,beaker; erlenmeyer; non toxic; lab; chemistry; experiment; test
flask-round,no,beaker; lab; chemistry; experiment; test
flip-horizontal,no,reflect; mirror; alignment; dashed
flip-horizontal-2,no,reflect; mirror; alignment; dashed
flip-vertical,no,reflect; mirror; alignment; dashed
flip-vertical-2,no,reflect; mirror; alignment; dashed
flower,no,sustainability; nature; plant; spring
flower-2,no,sustainability; nature; plant
focus,no,camera; lens; photo; dashed
fold-horizontal,no,arrow; collapse; fold; vertical; dashed
fold-vertical,no,arrow; collapse; fold; vertical; dashed
folder,no,directory
folder-archive,no,archive; zip; package
folder-check,no,done; directory; todo; tick; complete; task
folder-clock,no,history; directory; clock
folder-closed,no,directory; closed
folder-code,no,directory; coding; develop; software
folder-cog,no,directory; settings; control; preferences; cog; edit; gear
folder-cog-2,yes,
folder-dot,no,directory; root; project; pinned; active; current; cogged; gear; mechanical; machinery; configuration; controls; preferences; settings; system; admin; edit
folder-down,no,directory; download; import; export
folder-edit,yes,
folder-git,no,directory; root; project; git; repo
folder-git-2,no,directory; root; project; git; repo
folder-heart,no,directory; heart; favourite; bookmark; quick link
folder-input,no,directory; import; export
folder-kanban,no,projects; manage; overview; board; tickets; issues; roadmap; plan; intentions; productivity; work; agile; code; coding; directory; project; root
folder-key,no,directory; key; private; security; protected
folder-lock,no,directory; lock; private; security; protected
folder-minus,no,directory; remove; delete
folder-open,no,directory
folder-open-dot,no,directory; root; project; active; current; pinned
folder-output,no,directory; import; export
folder-pen,no,directory; rename
folder-plus,no,directory; add; create; new
folder-root,no,directory; root; project; git; repo
folder-search,no,directory; search; find; lost; browser; lens
folder-search-2,no,directory; search; find; lost; browser; lens
folder-symlink,no,directory; symlink; symbolic; link
folder-sync,no,directory; synchronize; synchronise; refresh; reconnect; transfer; backup
folder-tree,no,directory; tree; browser
folder-up,no,directory; upload; import; export
folder-x,no,directory; remove; delete
folders,no,multiple; copy; directories
footprints,no,steps; walking; foot; feet; trail; shoe
fork-knife,yes,
fork-knife-crossed,yes,
forklift,no,vehicle; transport; logistics
form,no,document; page; file; layout; paper; stub; formality; structure; template; inputs; design; components
form-input,yes,
forward,no,send; share; email
frame,no,logo; design; tool
framer,no,logo; design; tool
frown,no,emoji; face; bad; sad; emotion
fuel,no,filling-station; gas; petrol; tank
fullscreen,no,expand; zoom; preview; focus; camera; lens; image
function-square,yes,
funnel,no,filter; hopper
funnel-plus,no,filter; hopper; add; create; new
funnel-x,no,filter; hopper; remove; delete
gallery-horizontal,no,carousel; pictures; images; scroll; swipe; album; portfolio
gallery-horizontal-end,no,carousel; pictures; images; scroll; swipe; album; portfolio; history; versions; backup; time machine
gallery-thumbnails,no,carousel; pictures; images; album; portfolio; preview
gallery-vertical,no,carousel; pictures; images; scroll; swipe; album; portfolio
gallery-vertical-end,no,carousel; pictures; images; scroll; swipe; album; portfolio; history; versions; backup; time machine
gamepad,no,console
gamepad-2,no,console
gamepad-directional,no,direction; arrow; controller; navigation; button; move; pointer; arrowhead; console; game; gaming
gantt-chart,yes,
gantt-chart-square,yes,
gauge,no,dashboard; dial; meter; speed; pressure; measure; level
gauge-circle,yes,
gavel,no,justice; law; court; judgment; legal; hands; penalty; decision; authority; hammer; mallet
gem,no,diamond; crystal; ruby; jewellery; price; special; present; gift; ring; wedding; proposal; marriage; rubygems
georgian-lari,no,currency; money; payment
ghost,no,pac-man; spooky
gift,no,present; box; birthday; party
git-branch,no,code; version control; vcs; repository
git-branch-minus,no,code; version control; vcs; repository; delete; remove; -
git-branch-plus,no,code; version control; vcs; repository; add; create; +
git-commit,yes,
git-commit-horizontal,no,code; version control; waypoint; stop; station
git-commit-vertical,no,code; version control; waypoint; stop; station
git-compare,no,code; version control; diff
git-compare-arrows,no,code; version control; diff
git-fork,no,code; version control
git-graph,no,code; version control; commit graph; commits; gitlens
git-merge,no,code; version control
git-pull-request,no,code; version control; open
git-pull-request-arrow,no,code; version control; open
git-pull-request-closed,no,code; version control; rejected; closed; cancelled; x
git-pull-request-create,no,code; version control; open; plus; add; +
git-pull-request-create-arrow,no,code; version control; open; plus; add; +
git-pull-request-draft,no,code; version control; open; draft; dashed
github,no,logo; version control
gitlab,no,logo; version control
glass-water,no,beverage; drink; glass; water
glasses,no,glasses; spectacles
globe,no,world; browser; language; translate
globe-2,yes,
globe-lock,no,vpn; private; privacy; network; world; browser; security; encryption; protection; connection
globe-x,no,globe; internet; offline; disconnected; network; connection; world; no connection; network failure; signal off
goal,no,flag; bullseye
gpu,no,processor; cores; technology; computer; chip; circuit; specs; graphics processing unit; video card; display adapter; gddr; rendering; digital image processing; crypto mining
grab,yes,
graduation-cap,no,school; university; learn; study; mortarboard; education; ceremony; academic; hat; diploma; bachlor's; master's; doctorate
grape,no,fruit; wine; food
grid,yes,
grid-2-x-2,yes,
grid-2-x-2-check,yes,
grid-2-x-2-plus,yes,
grid-2-x-2-x,yes,
grid-2x2,no,table; rows; columns; blocks; plot; land; geometry; measure; size; width; height; distance; surface area; square meter; acre; window; skylight
grid-2x2-check,no,table; rows; columns; blocks; plot; land; geometry; measure; data; size; width; height; distance; surface area; square meter; acre
grid-2x2-plus,no,table; rows; columns; blocks; plot; land; geometry; measure; data; size; width; height; distance; surface area; square meter; acre
grid-2x2-x,no,table; rows; columns; data; blocks; plot; land; geometry; measure; size; width; height; distance; surface area; square meter; acre
grid-3-x-3,yes,
grid-3x2,no,table; rows; columns; blocks; plot; land; geometry; measure; size; width; height; distance; surface area; square meter; acre; window
grid-3x3,no,table; rows; columns
grip,no,grab; dots; handle; move; drag
grip-horizontal,no,grab; dots; handle; move; drag
grip-vertical,no,grab; dots; handle; move; drag
group,no,cubes; packages; parts; units; collection; cluster; gather; dashed
guitar,no,acoustic; instrument; strings; riff; rock; band; country; concert; performance; play; lead; loud; music; audio; sound; noise
ham,no,food; pork; pig; meat; bone; hock; knuckle; gammon; cured
hamburger,no,burger; cheeseburger; meat; beef; patty; bun; fast food; junk food; takeaway; takeout; snack; dish; restaurant; lunch; meal; savory; savoury; cookery; cooking; grilled; barbecue; barbeque; bbq; lettuce; tomato; relish; pickles; onions; ketchup; mustard; mayonnaise
hammer,no,mallet; nails; diy; toolbox; build; construction
hand,no,wave; move; mouse; grab
hand-coins,no,savings; banking; money; finance; offers; mortgage; payment; received; wage; payroll; allowance; pocket money; handout; pennies
hand-fist,no,clench; strength; power; unity; solidarity; rebellion; victory; triumph; support; fight; combat; brawl
hand-grab,no,hand
hand-heart,no,love; like; emotion
hand-helping,no,agreement; help; proposal; charity; begging; terms
hand-metal,no,rock
hand-platter,no,waiter; waitress; restaurant; table service; served; dinner; dining; meal; course; luxury
handbag,no,bag; baggage; carry; clutch; fashion; luggage; purse; tote; travel
handshake,no,agreement; partnership; deal; business; assistance; cooperation; friendship; union; terms
hard-drive,no,computer; server; memory; data; ssd; disk; hard disk
hard-drive-download,no,computer; server; memory; data; ssd; disk; hard disk; save
hard-drive-upload,no,computer; server; memory; data; ssd; disk; hard disk; save
hard-hat,no,helmet; construction; safety; savety
hash,no,hashtag; number; pound
hat-glasses,no,incognito; disguise; costume; masked; anonymous; anonymity; privacy; private browsing; stealth; hidden; undercover; cloak; invisible; ghost; spy; agent; detective; identity; cap; fedora; spectacles; shades; sunglasses; eyewear
haze,no,mist; fog
hd,no,tv; resolution; video; high definition; 720p; 1080p
hdmi-port,no,socket; plug; slot; controller; connector; interface; console; signal; audio; video; visual; av; data; input; output
heading,no,h1; html; markup; markdown
heading-1,no,h1; html; markup; markdown
heading-2,no,h2; html; markup; markdown
heading-3,no,h3; html; markup; markdown
heading-4,no,h4; html; markup; markdown
heading-5,no,h5; html; markup; markdown
heading-6,no,h6; html; markup; markdown
headphone-off,no,music; audio; sound; mute; off
headphones,no,music; audio; sound
headset,no,music; audio; sound; gaming; headphones; headset; call; center; phone; telephone; voip; video
heart,no,like; love; emotion; suit; playing; cards
heart-crack,no,heartbreak; sadness; emotion
heart-handshake,no,agreement; charity; help; deal; terms; emotion; together; handshake
heart-minus,no,unlike; unfavorite; remove; damage; ui & ux
heart-off,no,unlike; dislike; hate; emotion
heart-plus,no,plus; like; favorite; add; health; support
heart-pulse,no,heartbeat; pulse; health; medical; blood pressure; cardiac; systole; diastole
heater,no,heating; warmth; comfort; fire; stove; electric; electronics; amenities
helicopter,no,transport; flying; rotor; aviation; helipad; gear; flyer; technology; helicopter; aircraft; vehicle
help-circle,yes,
helping-hand,yes,
hexagon,no,shape; node.js; logo
highlighter,no,mark; text
history,no,time; redo; undo; rewind; timeline; version; time machine; backup; rotate; ccw
home,yes,
hop,no,beer; brewery; drink
hop-off,no,beer; brewery; drink; hop free; allergy; intolerance; diet
hospital,no,infirmary; sanatorium; healthcare; doctor; hospice; clinic; emergency room; ward; building; medical; vet
hotel,no,building; hostel; motel; inn
hourglass,no,timer; time; sandglass
house,no,home; living; building; residence; architecture
house-heart,no,home sweet home; abode; building; residence; healthy living; lifestyle
house-plug,no,home; living; building; residence; architecture; autarky; energy
house-plus,no,home; living; medical; new; addition; building; residence; architecture
house-wifi,no,home; living; building; wifi; connectivity
ice-cream,yes,
ice-cream-2,yes,
ice-cream-bowl,no,gelato; food; dessert; dish; restaurant; course; meal
ice-cream-cone,no,gelato; food
id-card,no,card; badge; identity; authentication; secure
id-card-lanyard,no,id-card; id-card-lanyard; identity; employee; gate-pass; badge
image,no,picture; photo
image-down,no,picture; photo; download; save; export
image-minus,no,remove; delete
image-off,no,picture; photo
image-play,no,picture; gif; photo
image-plus,no,add; create; picture
image-up,no,picture; photo; upload; import
image-upscale,no,resize; picture; sharpen; increase
images,no,picture; photo; multiple; copy; gallery; album; collection; slideshow; showcase
import,no,save
inbox,no,email
indent,yes,
indent-decrease,yes,
indent-increase,yes,
indian-rupee,no,currency; money; payment
infinity,no,unlimited; forever; loop; math
info,no,help
inspect,yes,
inspection-panel,no,access; cover; tile; metal; materials; screws
instagram,no,logo; camera; social
italic,no,oblique; text; format
iteration-ccw,no,arrow; right
iteration-cw,no,arrow; left
japanese-yen,no,currency; money; payment
joystick,no,game; console; control stick
kanban,no,projects; manage; overview; board; tickets; issues; roadmap; plan; intentions; productivity; work; agile; code; coding
kanban-square,yes,
kanban-square-dashed,yes,
kayak,no,kayak; boat; paddle; water; sport; recreation; adventure; outdoors; equipment; lake; ocean
key,no,password; login; authentication; secure; unlock; keychain; key ring; fob
key-round,no,password; login; authentication; secure; unlock
key-square,no,password; login; authentication; secure; unlock; car key
keyboard,no,layout; spell; settings; mouse
keyboard-music,no,music; audio; sound; noise; notes; keys; chord; octave; midi; controller; instrument; electric; signal; digital; studio; production; producer; pianist; piano; play; performance; concert
keyboard-off,no,unkeys; layout; spell; settings; mouse
lamp,no,lighting; household; home; furniture
lamp-ceiling,no,lighting; household; home; furniture
lamp-desk,no,lighting; household; office; desk; home; furniture
lamp-floor,no,lighting; household; floor; home; furniture
lamp-wall-down,no,lighting; household; wall; home; furniture
lamp-wall-up,no,lighting; household; wall; home; furniture
land-plot,no,area; surface; square metres; allotment; parcel; property; plane; acres; measure; distance; isometric; flag; golf course; hole
landmark,no,bank; building; capitol; finance; money; museum; art gallery; hall; institute; pediment; portico; columns; pillars; classical; architecture; government; institution
languages,no,translate
laptop,no,computer; screen; remote
laptop-2,yes,
laptop-minimal,no,computer; screen; remote
laptop-minimal-check,no,computer; screen; remote; success; done; todo; tick; complete; task
lasso,no,select; cursor
lasso-select,no,select; cursor
laugh,no,emoji; face; happy; good; emotion
layers,no,stack; pile; pages; sheets; paperwork; copies; copy
layers-2,no,stack; pile; pages; sheets; paperwork; copies; copy; duplicate; double; shortcuts
layers-3,yes,
layers-plus,no,stack; layers; add; new; increase; create; positive; copy; upgrade
layout,yes,
layout-dashboard,no,masonry; brick
layout-grid,no,app; home; start
layout-list,no,todo; tasks; items; pending; image; photo
layout-panel-left,no,app; home; start; grid
layout-panel-top,no,window; webpage; block; section; grid; template; structure
layout-template,no,window; webpage; block; section
leaf,no,sustainability; nature; energy; plant; autumn
leafy-green,no,salad; lettuce; vegetable; chard; cabbage; bok choy
lectern,no,pulpit; podium; stand
letter-text,yes,
library,no,books; reading; written; authors; stories; fiction; novels; information; knowledge; education; high school; university; college; academy; learning; study; research; collection; vinyl; records; albums; music; package
library-big,no,books; reading; written; authors; stories; fiction; novels; information; knowledge; education; high school; university; college; academy; learning; study; research; collection; vinyl; records; albums; music; package
library-square,yes,
life-buoy,no,preserver; life belt; lifesaver; help; rescue; ship; ring; raft; inflatable; wheel; donut
ligature,no,text; font; typography; alternates; alternatives
lightbulb,no,idea; bright; lights
lightbulb-off,no,lights
line-chart,yes,
line-squiggle,no,line; snakes; annotate; curve; doodle; stroke; pen; tool; gesture; draw; wave; art; road
link,no,chain; url
link-2,no,chain; url
link-2-off,no,unchain; chain
linkedin,no,logo; social media; social
list,no,options
list-check,no,done; check; tick; complete; list; to-do; bom
list-checks,no,todo; done; check; tick; complete; tasks; items; pending
list-chevrons-down-up,no,options; items; collapse; expand; details; disclosure; show; hide; toggle; accordion; more; less; fold; unfold; vertical
list-chevrons-up-down,no,options; items; collapse; expand; details; disclosure; show; hide; toggle; accordion; more; less; fold; unfold; vertical
list-collapse,no,items; collapse; expand; details; disclosure; show; hide; toggle; accordion; more; less; fold; unfold
list-end,no,queue; bottom; end; playlist
list-filter,no,options
list-filter-plus,no,filter; plus; options; add
list-indent-decrease,no,text; tab
list-indent-increase,no,text; tab
list-minus,no,playlist; remove; song; subtract; delete; unqueue
list-music,no,playlist; queue; music; audio; playback
list-ordered,no,number; order; queue
list-plus,no,playlist; add; song; track; new
list-restart,no,reset; refresh; reload; playlist; replay
list-start,no,queue; top; start; next; playlist
list-todo,no,todo; done; check; tick; complete; tasks; items; pending
list-tree,no,tree; browser
list-video,no,playlist; video; playback
list-x,no,playlist; subtract; remove; delete; unqueue
loader,no,loading; wait; busy; progress; spinner; spinning; throbber
loader-2,yes,
loader-circle,no,loading; wait; busy; progress; spinner; spinning; throbber; circle
loader-pinwheel,no,loading; wait; busy; progress; throbber; spinner; spinning; beach ball; frozen; freeze
locate,no,map; gps; location; cross
locate-fixed,no,map; gps; location; cross
locate-off,no,map; gps; location; cross
location-edit,yes,
lock,no,security; password; secure; admin
lock-keyhole,no,security; password; secure; admin
lock-keyhole-open,no,security
lock-open,no,security
log-in,no,sign in; arrow; enter; auth
log-out,no,sign out; arrow; exit; auth
logs,no,options; list; menu; order; queue; tasks; logs
lollipop,no,lolly; candy; sugar; food; sweet; dessert; spiral
luggage,no,baggage; luggage; travel; suitcase
m-square,yes,
magnet,no,horseshoe; lock; science; snap
mail,no,email; message; letter; unread
mail-check,no,email; message; letter; subscribe; delivered; success; read; done; todo; tick; complete; task
mail-minus,no,email; message; letter; remove; delete
mail-open,no,email; message; letter; read
mail-plus,no,email; message; letter; add; create; new; compose
mail-question,yes,
mail-question-mark,no,email; message; letter; delivery; undelivered
mail-search,no,email; message; letter; search; lens
mail-warning,no,email; message; letter; delivery error; exclamation mark
mail-x,no,email; message; letter; remove; delete
mailbox,no,emails; messages; letters; mailing list; newsletter
mails,no,emails; messages; letters; multiple; mailing list; newsletter; copy
map,no,location; navigation; travel
map-minus,no,location; navigation; travel; drop; delete; remove; erase
map-pin,no,location; waypoint; marker; drop
map-pin-check,no,location; waypoint; marker; drop; done; tick; complete; task; added
map-pin-check-inside,no,location; waypoint; marker; drop; done; tick; complete; task; added
map-pin-house,no,location; waypoint; marker; drop; home; living; building; residence; architecture; address; poi; real estate; property; navigation; destination; geolocation; place; landmark
map-pin-minus,no,location; waypoint; marker; drop; delete; remove; erase
map-pin-minus-inside,no,location; waypoint; marker; drop; delete; remove; erase
map-pin-off,no,location; waypoint; marker; remove
map-pin-pen,no,location; waypoint; marker; drop; edit
map-pin-plus,no,location; waypoint; marker; drop; add; create; new
map-pin-plus-inside,no,location; waypoint; marker; drop; add; create; new
map-pin-x,no,location; waypoint; marker; drop; delete; remove; erase
map-pin-x-inside,no,location; waypoint; marker; drop; delete; remove; erase
map-pinned,no,location; waypoint; marker; drop
map-plus,no,location; navigation; travel; new; add; create
mars,no,gender; sex; male; masculine; man; boy
mars-stroke,no,gender; androgyne; transgender
martini,no,cocktail; alcohol; beverage; bar; drink; glass
maximize,no,fullscreen; expand; dashed
maximize-2,no,fullscreen; arrows; expand
medal,no,prize; sports; winner; trophy; award; achievement
megaphone,no,advertisement; announcement; attention; alert; loudspeaker; megaphone; notification
megaphone-off,no,advertisement; announcement; attention; alert; loudspeaker; megaphone; notification; disable; silent
meh,no,emoji; face; neutral; emotion
memory-stick,no,ram; random access; technology; computer; chip; circuit; specs; capacity; gigabytes; gb
menu,no,bars; navigation; hamburger; options
menu-square,yes,
merge,no,combine; join; unite
message-circle,no,comment; chat; conversation; dialog; feedback; speech bubble
message-circle-code,no,comment; chat; conversation; dialog; feedback; speech bubble; code review; coding
message-circle-dashed,no,comment; chat; conversation; dialog; feedback; speech bubble; draft
message-circle-heart,no,comment; chat; conversation; dialog; feedback; positive; like; love; interest; valentine; dating; date; speech bubble
message-circle-more,no,comment; chat; conversation; dialog; feedback; speech bubble; typing; writing; responding; ellipsis; etc; et cetera; ...; …
message-circle-off,no,comment; chat; conversation; dialog; feedback; speech bubble; clear; close; delete; remove; cancel; silence; mute; moderate
message-circle-plus,no,comment; chat; conversation; dialog; feedback; speech bubble; add
message-circle-question,yes,
message-circle-question-mark,no,comment; chat; conversation; dialog; feedback; speech bubble; help
message-circle-reply,no,comment; chat; conversation; dialog; feedback; speech bubble; reply; response
message-circle-warning,no,comment; chat; conversation; dialog; feedback; speech bubble; report; abuse; offense; alert; danger; caution; protected; exclamation mark
message-circle-x,no,comment; chat; conversation; dialog; feedback; speech bubble; clear; close; delete; remove; cancel; silence; mute; moderate
message-square,no,comment; chat; conversation; dialog; feedback; speech bubble
message-square-code,no,comment; chat; conversation; dialog; feedback; speech bubble; code review; coding
message-square-dashed,no,comment; chat; conversation; dialog; feedback; speech bubble; draft
message-square-diff,no,comment; chat; conversation; dialog; feedback; speech bubble; add; patch; difference; plus; minus; plus-minus; math; code review; coding; version control; git
message-square-dot,no,unread; unresolved; comment; chat; conversation; dialog; feedback; speech bubble
message-square-heart,no,comment; chat; conversation; dialog; feedback; positive; like; love; interest; valentine; dating; date; speech bubble
message-square-lock,no,comment; chat; conversation; dialog; feedback; speech bubble; secure; encrypted
message-square-more,no,comment; chat; conversation; dialog; feedback; speech bubble; typing; writing; responding; ellipsis; etc; et cetera; ...; …
message-square-off,no,comment; chat; conversation; dialog; feedback; speech bubble; clear; close; delete; remove; cancel; silence; mute; moderate
message-square-plus,no,comment; chat; conversation; dialog; feedback; speech bubble; add
message-square-quote,no,comment; chat; conversation; dialog; feedback; speech bubble; blockquote; quotation; indent; reply; response
message-square-reply,no,comment; chat; conversation; dialog; feedback; speech bubble; reply; response
message-square-share,no,comment; chat; conversation; dialog; feedback; speech bubble; network; forward
message-square-text,no,comment; chat; conversation; dialog; feedback; speech bubble
message-square-warning,no,comment; chat; conversation; dialog; feedback; speech bubble; report; abuse; offense; alert; danger; caution; protected; exclamation mark
message-square-x,no,comment; chat; conversation; dialog; feedback; speech bubble; clear; close; delete; remove; cancel; silence; mute; moderate
messages-square,no,comment; chat; conversation; dialog; feedback; speech bubbles; copy; multiple; discussion; interview; debate
mic,no,record; sound; listen; radio; podcast; microphone
mic-2,yes,
mic-off,no,record; sound; mute; microphone
mic-vocal,no,lyrics; voice; listen; sound; music; radio; podcast; karaoke; singing; microphone
microchip,no,processor; cores; technology; computer; chip; integrated circuit; memory; ram; specs; gpu; gigahertz; ghz
microscope,no,medical; education; science; imaging; research
microwave,no,oven; cooker; toaster oven; bake
milestone,no,signpost; direction; right; east; forward; version control; waypoint
milk,no,lactose; bottle; beverage; drink; water; diet
milk-off,no,lactose free; bottle; beverage; drink; water; allergy; intolerance; diet
minimize,no,exit fullscreen; close; shrink
minimize-2,no,exit fullscreen; arrows; close; shrink
minus,no,subtract; remove; decrease; decrement; reduce; negative; calculate; line; divider; separator; horizontal rule; hr; html; markup; markdown; ---; toolbar; operator; code; coding; minimum; downgrade
minus-circle,yes,
minus-square,yes,
monitor,no,tv; screen; display; virtual machine; vm
monitor-check,no,tv; screen; display; desktop; running; active; virtual machine; vm
monitor-cloud,no,virtual machine; virtual desktop; vm; vdi; computing; remote work; monitoring; infrastructure; software as a service; saas; workstation; environment; tv; screen; display
monitor-cog,no,tv; screen; display; virtual machine; vm; executable; settings; cog; edit; gear; configuration; preferences; system; control panel; network; computing
monitor-dot,no,tv; screen; display; desktop; running; active; virtual machine; vm
monitor-down,no,tv; screen; display; desktop; download
monitor-off,no,share
monitor-pause,no,tv; screen; display; desktop; video; movie; film; suspend; hibernate; boot; virtual machine; vm
monitor-play,no,tv; screen; display; desktop; video; movie; film; running; start; boot; virtual machine; vm
monitor-smartphone,no,smartphone; phone; cellphone; device; mobile; desktop; monitor; responsive; screens
monitor-speaker,no,devices; connect; cast
monitor-stop,no,tv; screen; display; desktop; video; movie; film; stop; shutdown; virtual machine; vm
monitor-up,no,tv; screen; display; upload; connect; remote; screen share
monitor-x,no,tv; screen; display; desktop; virtual machine; vm; close; stop; suspend; remove; delete
moon,no,dark; night
moon-star,no,dark; night; star
more-horizontal,yes,
more-vertical,yes,
motorbike,no,moto; motorcycle; transport; vehicle; drive; ride; trip; race; racing; journey; delivery
mountain,no,climb; hike; rock
mountain-snow,no,alpine; climb; snow
mouse,no,device; scroll; click
mouse-off,no,device; scroll; click; disabled
mouse-pointer,no,click; select
mouse-pointer-2,no,click; select
mouse-pointer-2-off,no,pointer; mouse; cursor; off; disable; arrow; navigation; selection; select; click; no-click; interaction
mouse-pointer-ban,no,wait; busy; loading; blocked; frozen; freeze
mouse-pointer-click,no,click; select
mouse-pointer-square-dashed,yes,
move,no,arrows
move-3-d,yes,
move-3d,no,arrows; axis; gizmo; coordinates; transform; translate
move-diagonal,no,double; arrow
move-diagonal-2,no,double; arrow
move-down,no,arrow; direction; downwards; south
move-down-left,no,arrow; direction
move-down-right,no,arrow; direction
move-horizontal,no,double; arrow
move-left,no,arrow; direction; back; west
move-right,no,arrow; direction; trend flat; east
move-up,no,arrow; direction; upwards; north
move-up-left,no,arrow; direction
move-up-right,no,arrow; direction
move-vertical,no,double; arrow
music,no,note; quaver; eighth note
music-2,no,quaver; eighth note; note
music-3,no,crotchet; minim; quarter note; half note; note
music-4,no,semiquaver; sixteenth note; note
navigation,no,location; travel
navigation-2,no,location; travel
navigation-2-off,no,location; travel
navigation-off,no,location; travel
network,no,tree
newspaper,no,news; feed; home; magazine; article; headline
nfc,no,contactless; payment; near-field communication
non-binary,no,gender; nonbinary; enby
notebook,no,notepad; notes; stationery; sketchbook; moleskine; closure; strap; band; elastic; organizer; organiser; planner; diary; journal; writing; written; writer; reading; high school; university; college; academy; student; study; homework; research
notebook-pen,no,pencil; notepad; notes; noted; stationery; sketchbook; organizer; organiser; planner; diary; journal; writing; write; written; reading; high school; university; college; academy; student; study; research; homework; eraser; rubber
notebook-tabs,no,notepad; notes; people; family; friends; acquaintances; contacts; details; addresses; phone numbers; directory; listing; networking; alphabetical; a-z; organizer; organiser; planner; diary; stationery
notebook-text,no,notepad; notes; pages; paper; stationery; sketchbook; organizer; organiser; planner; diary; journal; writing; write; written; reading; high school; university; college; academy; student; study; research; homework; lines; opened
notepad-text,no,notebook; notes; pages; paper; stationery; sketchbook; organizer; organiser; planner; diary; journal; writing; write; written; reading; high school; university; college; academy; student; study; homework; research; lines; opened
notepad-text-dashed,no,notebook; notes; pages; paper; stationery; diary; journal; writing; write; written; draft; template; lines
nut,no,hazelnut; acorn; food; diet
nut-off,no,hazelnut; acorn; food; allergy; intolerance; diet
octagon,no,stop; shape
octagon-alert,no,warning; alert; danger; exclamation mark
octagon-minus,no,stop; forbidden; subtract; remove; decrease; reduce; -; traffic; halt; restricted
octagon-pause,no,music; audio; stop
octagon-x,no,delete; stop; alert; warning; times; clear; math
omega,no,greek; symbol; mathematics; education; physics; engineering; ohms; electrical resistance; angular frequency; dynamical systems; astronomy; constellations; philosophy
option,no,keyboard; key; mac; alt; button
orbit,no,planet; space; physics; satellites; moons
origami,no,paper; bird
outdent,yes,
package,no,box; container; storage; sealed; delivery; undelivered; unopened; packed; archive; zip; module
package-2,no,box; container; storage; sealed; packed; unopened; undelivered; archive; zip
package-check,no,confirm; verified; done; todo; tick; complete; task; delivered
package-minus,no,delete; remove
package-open,no,box; container; storage; unpack; unarchive; unzip; opened; delivered
package-plus,no,new; add; create
package-search,no,find; product process; lens
package-x,no,delete; remove
paint-bucket,no,fill; paint; bucket; color; colour
paint-roller,no,brush; color; colour; decoration; diy
paintbrush,no,brush; paintbrush; design; color; colour; decoration; diy
paintbrush-2,yes,
paintbrush-vertical,no,brush; paintbrush; design; color; colour; decoration; diy
palette,no,colors; colours; theme; scheme; paint; watercolor; watercolour; artist
palmtree,yes,
panda,no,animal; wildlife; bear; zoo; bamboo
panel-bottom,no,drawer; dock
panel-bottom-close,no,drawer; dock; hide; chevron; down
panel-bottom-dashed,no,drawer; dock; show; reveal; padding; margin; guide; layout; bleed
panel-bottom-inactive,yes,
panel-bottom-open,no,drawer; dock; show; reveal; chevron; up
panel-left,no,primary; drawer
panel-left-close,no,primary; drawer; hide; chevron; <
panel-left-dashed,no,sidebar; primary; drawer; show; reveal; padding; margin; guide; layout; bleed
panel-left-inactive,yes,
panel-left-open,no,primary; drawer; show; reveal; chevron; right; >
panel-left-right-dashed,no,sidebar; primary; drawer; show; reveal; padding; margin; guide; layout; vertical; bleed
panel-right,no,sidebar; secondary; drawer
panel-right-close,no,sidebar; secondary; drawer; hide; chevron; >
panel-right-dashed,no,sidebar; secondary; drawer; show; reveal; padding; margin; guide; layout; bleed
panel-right-inactive,yes,
panel-right-open,no,sidebar; secondary; drawer; show; reveal; chevron; left; <
panel-top,no,drawer; browser; webpage
panel-top-bottom-dashed,no,sidebar; primary; drawer; show; reveal; padding; margin; guide; layout; horizontal; bleed
panel-top-close,no,menu bar; drawer; hide; chevron; up
panel-top-dashed,no,menu bar; drawer; show; reveal; padding; margin; guide; layout; bleed
panel-top-inactive,yes,
panel-top-open,no,menu bar; drawer; show; reveal; chevron; down
panels-left-bottom,no,drawers; sidebar; primary
panels-left-right,yes,
panels-right-bottom,no,drawers; sidebar; secondary
panels-top-bottom,yes,
panels-top-left,no,menu bar; sidebar; primary; drawers; window; webpage; projects; overview
paperclip,no,attachment; file
parentheses,no,code; token; parenthesis; parens; brackets; parameters; arguments; args; input; call; math; formula; function; (; )
parking-circle,yes,
parking-circle-off,yes,
parking-meter,no,driving; car park; pay; sidewalk; pavement
parking-square,yes,
parking-square-off,yes,
party-popper,no,emoji; congratulations; celebration; party; tada; 🎉; 🎊; excitement; exciting; excites; confetti
pause,no,music; stop
pause-circle,yes,
pause-octagon,yes,
paw-print,no,pets; vets; veterinarian; domesticated; cat; dog; bear
pc-case,no,computer; chassis
pen,no,pencil; change; create; draw; writer; writing; biro; ink; marker; felt tip; stationery; artist
pen-box,yes,
pen-line,no,pencil; change; create; draw; writer; writing; biro; ink; marker; felt tip; stationery; artist
pen-off,no,disabled; inactive; non-editable; locked; read-only; unmodifiable; frozen; restricted; pencil; change; create; draw; writer; writing; biro; ink; marker; felt tip; stationery; artist
pen-square,yes,
pen-tool,no,vector; drawing; path
pencil,no,rubber; edit; create; draw; sketch; draft; writer; writing; stationery; artist
pencil-line,no,pencil; change; create; draw; sketch; draft; writer; writing; biro; ink; marker; felt tip; stationery; artist
pencil-off,no,disabled; inactive; non-editable; locked; read-only; unmodifiable; frozen; restricted; rubber; edit; create; draw; sketch; draft; writer; writing; stationery; artist
pencil-ruler,no,edit; create; draw; sketch; draft; writer; writing; stationery; artist; measurements; centimeters; cm; millimeters; mm; metre; foot; feet; inches; units; size; length; width; height; dimensions; depth; breadth; extent
pentagon,no,shape
percent,no,percentage; modulo; modulus; remainder; %; sale; discount; offer; marketing
percent-circle,yes,
percent-diamond,yes,
percent-square,yes,
person-standing,no,people; human; accessibility; stick figure
philippine-peso,no,currency; peso; money; php
phone,no,call
phone-call,no,ring
phone-forwarded,no,call
phone-incoming,no,call
phone-missed,no,call
phone-off,no,call; mute
phone-outgoing,no,call
pi,no,constant; code; coding; programming; symbol; trigonometry; geometry; formula
pi-square,yes,
piano,no,music; audio; sound; noise; notes; chord; keys; octave; acoustic; instrument; play; pianist; performance; concert
pickaxe,no,mining; mine; land worker; extraction; labor; construction; progress; advancement; crafting; building; creation
picture-in-picture,no,display; play; video; pop out; always on top; window; inset; multitask
picture-in-picture-2,no,display; play; video; pop out; always on top; window; inset; multitask
pie-chart,yes,
piggy-bank,no,money; savings
pilcrow,no,paragraph; mark; paraph; blind; typography; type; text; prose; symbol
pilcrow-left,no,direction; paragraph; mark; paraph; blind; typography; type; text; prose; symbol
pilcrow-right,no,direction; paragraph; mark; paraph; blind; typography; type; text; prose; symbol
pilcrow-square,yes,
pill,no,medicine; medication; drug; prescription; tablet; pharmacy
pill-bottle,no,medicine; medication; prescription; drug; supplement; vitamin; capsule; jar; container; healthcare; pharmaceutical; tablet
pin,no,save; map; lock; fix
pin-off,no,unpin; map; unlock; unfix; unsave; remove
pipette,no,eye dropper; color picker; lab; chemistry
pizza,no,pie; quiche; food
plane,no,plane; trip; airplane
plane-landing,no,arrival; plane; trip; airplane; landing
plane-takeoff,no,departure; plane; trip; airplane; takeoff
play,no,music; audio; video; start; run
play-circle,yes,
play-square,yes,
plug,no,electricity; energy; electronics; socket; outlet; power; voltage; current; charger
plug-2,no,electricity; energy; socket; outlet
plug-zap,no,electricity; energy; electronics; charge; charging; battery; connect
plug-zap-2,yes,
plus,no,add; new; increase; increment; positive; calculate; toolbar; crosshair; aim; target; scope; sight; reticule; maximum; upgrade; extra; +
plus-circle,yes,
plus-square,yes,
pocket,no,logo; save
pocket-knife,no,swiss army knife; penknife; multi-tool; multitask; blade; cutter; gadget; corkscrew
podcast,no,audio; music; mic; talk; voice; subscribe; subscription; stream
pointer,no,mouse
pointer-off,no,mouse
popcorn,no,cinema; movies; films; salted; sweet; sugar; candy; snack
popsicle,no,ice lolly; ice cream; sweet; food
pound-sterling,no,currency; money; payment
power,no,on; off; device; switch; toggle; binary; boolean; reboot; restart; button; keyboard; troubleshoot
power-circle,yes,
power-off,no,on; off; device; switch
power-square,yes,
presentation,no,screen; whiteboard; marker pens; markers; blackboard; chalk; easel; school; learning; lesson; office; meeting; project; planning
printer,no,fax; office; device
printer-check,no,fax; office; device; success; printed
printer-x,no,fax; office; device; cross; cancel; remove; error
projector,no,cinema; film; movie; home video; presentation; slideshow; office; meeting; project; planning
proportions,no,screens; sizes; rotate; rotation; adjust; aspect ratio; 16:9; widescreen; 4:3; resolution; responsive; mobile; desktop; dimensions; monitor; orientation; portrait; landscape
puzzle,no,component; module; part; piece
pyramid,no,prism; triangle; triangular; hierarchy; structure; geometry; ancient; egyptian; landmark; tourism
qr-code,no,barcode; scan; link; url; information; digital
quote,no,quotation
rabbit,no,animal; rodent; pet; pest; bunny; hare; fast; speed; hop
radar,no,scan; sonar; detect; find; locate
radiation,no,radioactive; nuclear; fallout; waste; atomic; physics; particle; element; molecule
radical,no,calculate; formula; math; operator; root; square; symbol
radio,no,signal; broadcast; connectivity; live; frequency
radio-receiver,no,device; music; connect
radio-tower,no,signal; broadcast; connectivity; live; frequency
radius,no,shape; circle; geometry; trigonometry; radii; calculate; measure; size
rail-symbol,no,railway; train; track; line
rainbow,no,colors; colours; spectrum; light; prism; arc; clear; sunshine
rat,no,mouse; mice; gerbil; rodent; pet; pest; plague; disease
ratio,no,screens; sizes; rotate; rotation; adjust; aspect ratio; proportions; 16:9; widescreen; 4:3; resolution; responsive; mobile; desktop; dimensions; monitor; orientation; portrait; landscape
receipt,no,bill; voucher; slip; check; counterfoil; currency; dollar; usd; $
receipt-cent,no,bill; voucher; slip; check; counterfoil; currency; cents; dollar; usd; $; ¢
receipt-euro,no,bill; voucher; slip; check; counterfoil; currency; €
receipt-indian-rupee,no,bill; voucher; slip; check; counterfoil; currency; inr; ₹
receipt-japanese-yen,no,bill; voucher; slip; check; counterfoil; currency; jpy; ¥
receipt-pound-sterling,no,bill; voucher; slip; check; counterfoil; british; currency; gbp; £
receipt-russian-ruble,no,bill; voucher; slip; check; counterfoil; currency; rub; ₽
receipt-swiss-franc,no,bill; voucher; slip; check; counterfoil; currency; chf; ₣
receipt-text,no,bill; voucher; slip; check; counterfoil; details; small print; terms; conditions; contract
receipt-turkish-lira,no,bill; voucher; slip; check; counterfoil; currency; try; ₺
rectangle-circle,no,compose; keyboard; key; button
rectangle-ellipsis,no,login; password; authenticate; 2fa; field; fill; ellipsis; et cetera; etc; loader; loading; progress; pending; throbber; menu; options; operator; code; spread; rest; more; further; extra; overflow; dots; …; ...
rectangle-goggles,no,vr; virtual; augmented; reality; headset; goggles
rectangle-horizontal,no,rectangle; aspect ratio; 16:9; horizontal; shape
rectangle-vertical,no,rectangle; aspect ratio; 9:16; vertical; shape
recycle,no,sustainability; salvage; arrows
redo,no,undo; rerun; history
redo-2,no,undo; rerun; history
redo-dot,no,redo; history; step; over; forward
refresh-ccw,no,arrows; rotate; reload; rerun; synchronise; synchronize; circular; cycle
refresh-ccw-dot,no,arrows; rotate; reload; synchronise; synchronize; circular; cycle; issue; code; coding; version control
refresh-cw,no,rotate; reload; rerun; synchronise; synchronize; arrows; circular; cycle
refresh-cw-off,no,rotate; reload; rerun; synchronise; synchronize; arrows; circular; cycle; cancel; no; stop; error; disconnect; ignore
refrigerator,no,frigerator; fridge; freezer; cooler; icebox; chiller; cold storage
regex,no,search; text; code
remove-formatting,no,text; font; typography; format; x; remove; delete; times; clear
repeat,no,loop; arrows
repeat-1,no,replay
repeat-2,no,arrows; retweet; repost; share; repeat; loop
replace,no,search; substitute; swap; change
replace-all,no,search; substitute; swap; change
reply,no,email
reply-all,no,email
rewind,no,music
ribbon,no,awareness; strip; band; tape; strap; cordon
rocket,no,release; boost; launch; space; version
rocking-chair,no,chair; furniture; seat
roller-coaster,no,attraction; entertainment; amusement park; theme park; funfair
rose,no,roses; thorns; petals; plant; stem; leaves; spring; bloom; blossom; gardening; botanical; flora; florist; bouquet; bunch; gift; date; romance; romantic; valentines day; special occasion
rotate-3-d,yes,
rotate-3d,no,gizmo; transform; orientation; orbit; axis
rotate-ccw,no,arrow; left; counter-clockwise; restart; reload; rerun; refresh; backup; undo; replay; redo; retry; rewind; reverse
rotate-ccw-key,no,password; key; refresh; change
rotate-ccw-square,no,left; counter-clockwise; rotate; image; 90; 45; degrees; °
rotate-cw,no,arrow; right; clockwise; refresh; reload; rerun; redo
rotate-cw-square,no,right; clockwise; rotate; image; 90; 45; degrees; °
route,no,path; journey; planner; points; stops; stations
route-off,no,path; journey; planner; points; stops; stations; reset; clear; cancelled; closed; blocked
router,no,computer; server; cloud
rows,yes,
rows-2,no,lines; list; queue; preview; panel; paragraphs; parallel; series; split; vertical; horizontal; half; center; middle; even; drawer
rows-3,no,lines; list; queue; preview; paragraphs; parallel; series; split; vertical; horizontal; half; center; middle; even; drawers
rows-4,no,lines; list; queue; preview; paragraphs; parallel; series; split; vertical; horizontal; half; center; middle; even; drawers; grill
rss,no,feed; subscribe; news; updates; notifications; content; blog; articles; broadcast; syndication; reader; channels; posts; publishing; digest; alert; following; inbox; newsletter; weblog; podcast
ruler,no,measurements; centimeters; cm; millimeters; mm; metre; foot; feet; inches; units; size; length; width; height; dimensions; depth; breadth; extent; stationery
ruler-dimension-line,no,measurements; centimeters; cm; millimeters; mm; metre; foot; feet; inches; units; size; length; width; height; dimensions; depth; breadth; extent; stationery
russian-ruble,no,currency; money; payment
sailboat,no,ship; boat; harbor; harbour; dock
salad,no,food; vegetarian; dish; restaurant; course; meal; side; vegetables; health
sandwich,no,food; snack; dish; restaurant; lunch; meal
satellite,no,space station; orbit; transmitter
satellite-dish,no,antenna; receiver; dish aerial; saucer
saudi-riyal,no,currency; money; payment
save,no,floppy disk
save-all,no,floppy disks; copy
save-off,no,floppy disk; unsalvageable
scale,no,balance; legal; license; right; rule; law; justice; weight; measure; compare; judge; fair; ethics; decision
scale-3-d,yes,
scale-3d,no,gizmo; transform; size; axis
scaling,no,scale; resize; design
scan,no,qr-code; barcode; checkout; augmented reality; ar; target; surveillance; camera; lens; focus; frame; select; box; boundary; bounds; area; square; dashed
scan-barcode,no,checkout; till; cart; transaction; purchase; buy; product; packaging; retail; consumer
scan-eye,no,preview; zoom; expand; fullscreen; gallery; image; camera; watch; surveillance; retina; focus; lens; biometric; identification; authentication; access; login
scan-face,no,face; biometric; identification; authentication; 2fa; access; login; dashed
scan-heart,no,health; heart rate; pulse; monitoring; healthiness; screening; dashed
scan-line,no,checkout; till; cart; transaction; purchase; buy; product; packaging; retail; consumer; qr-code; dashed
scan-qr-code,no,barcode; scan; qrcode; url; information; digital; scanner
scan-search,no,preview; zoom; expand; fullscreen; gallery; image; focus; lens
scan-text,no,recognition; read; translate; copy; lines
scatter-chart,yes,
school,no,building; education; childhood; university; learning; campus; scholar; student; lecture; degree; course; academia; study; knowledge; classroom; research; diploma; graduation; professor; tutorial; homework; assignment; exam
school-2,yes,
scissors,no,cut; snip; chop; stationery; crafts
scissors-line-dashed,no,cut here; along; snip; chop; stationery; crafts; instructions; diagram
scissors-square,yes,
scissors-square-dashed-bottom,yes,
scooter,no,vehicle; drive; trip; journey; transport; electric; ride; urban; commute; speed
screen-share,no,host; desktop; monitor
screen-share-off,no,desktop; disconnect; monitor
scroll,no,paper; log; scripture; document; notes; parchment; list; long; script; story; code; coding
scroll-text,no,paper; log; scripture; document; notes; parchment; list; long; script; story; code; coding
search,no,find; scan; magnifier; magnifying glass; lens
search-alert,no,find; scan; magnifier; magnifying glass; stop; warning; alert; error; anomaly; lens
search-check,no,find; scan; magnifier; magnifying glass; found; correct; complete; tick; lens
search-code,no,find; scan; magnifier; magnifying glass; grep; chevrons; <>; lens
search-slash,no,find; scan; magnifier; magnifying glass; stop; clear; cancel; abort; /; lens
search-x,no,find; scan; magnifier; magnifying glass; stop; clear; cancel; abort; lens
section,no,mark; typography; punctuation; legal; type; text; prose; symbol
send,no,email; message; mail; paper airplane; paper aeroplane; submit
send-horizonal,yes,
send-horizontal,no,email; message; mail; paper airplane; paper aeroplane; submit
send-to-back,no,bring; send; move; under; back; backwards; overlap; layer; order
separator-horizontal,no,move; split
separator-vertical,no,move; split
server,no,cloud; storage
server-cog,no,cloud; storage; computing; cog; gear
server-crash,no,cloud; storage; problem; error
server-off,no,cloud; storage
settings,no,cog; edit; gear; preferences
settings-2,no,cog; edit; gear; preferences; slider
shapes,no,triangle; equilateral; square; circle; classification; different; collection; toy; blocks; learning
share,no,network; connections
share-2,no,network; connections
sheet,no,spreadsheets; table; excel
shell,no,beach; sand; holiday; sealife; fossil; ammonite; biology; ocean; terminal; command line; session; bash; zsh; roll; wrap; chewing gum; bubble gum; sweet; sugar; hosepipe; carpet; string; spiral; spinner; hypnotise; hypnosis
shield,no,cybersecurity; secure; safety; protection; guardian; armored; armoured; defense; defence; defender; block; threat; prevention; antivirus; vigilance; vigilant; detection; scan; find; strength; strong; tough; invincible; invincibility; invulnerable; undamaged; audit; admin; verification; crest; bravery; knight; foot soldier; infantry; trooper; pawn; battle; war; military; army; cadet; scout
shield-alert,no,unshielded; cybersecurity; insecure; unsecured; safety; unsafe; protection; unprotected; guardian; unguarded; unarmored; unarmoured; defenseless; defenceless; undefended; defender; blocked; stopped; intercepted; interception; saved; thwarted; threat; prevention; unprevented; antivirus; vigilance; vigilant; detection; detected; scanned; found; exploit; vulnerability; vulnerable; weakness; infection; infected; comprimised; data leak; audited; admin; verification; unverified; uncertified; warning; emergency; attention; urgent; alarm; crest; bravery; strength; tough; attacked; damaged; injured; hit; expired; disabled; inactive; error; exclamation mark; !
shield-ban,no,unshielded; cybersecurity; insecure; unsecured; safety; unsafe; protection; unprotected; guardian; unguarded; unarmored; unarmoured; defenseless; defenceless; undefended; defender; blocked; stopped; intercepted; interception; saved; thwarted; threat; prevention; unprevented; antivirus; vigilance; vigilant; detection; detected; scanned; found; exploit; vulnerability; vulnerable; weakness; infection; infected; comprimised; data leak; audited; admin; verification; unverified; uncertified; cancel; error; crest; bravery; attacked; damaged; injured; hit; expired; eliminated; disabled; inactive; /
shield-check,no,cybersecurity; secured; safety; protection; protected; guardian; guarded; armored; armoured; defense; defence; defended; blocked; threat; prevention; prevented; antivirus; vigilance; vigilant; active; activated; enabled; detection; scanned; found; strength; strong; tough; invincible; invincibility; invulnerable; undamaged; audited; admin; verification; verified; certification; certified; tested; passed; qualified; cleared; cleaned; disinfected; uninfected; task; completed; todo; done; ticked; checked; crest; bravery
shield-close,yes,
shield-ellipsis,no,cybersecurity; securing; protecting; guarding; armoring; armouring; defending; blocking; preventing; antivirus; detecting; scanning; finding; auditing; admin; verifying; crest; upgrading; loader; loading; throbber; progress; dots; more; etc; ...; …
shield-half,no,cybersecurity; secure; safety; protection; guardian; armored; armoured; defense; defence; defender; block; threat; prevention; antivirus; vigilance; vigilant; detection; scan; strength; strong; tough; invincible; invincibility; invulnerable; undamaged; audit; admin; verification; crest; logo; sigil; flag; team; faction; fraternity; university; college; academy; school; education; uniform; bravery; knight; foot soldier; infantry; trooper; pawn; battle; war; military; ranking; army; cadet; scout
shield-minus,no,unshield; cybersecurity; unsecure; unguard; unblock; antivirus; clean; clear; disinfect; patch; fix; stop; cancel; remove; relax; admin; crest; bravery; weakened; damaged; hit; unarm; disable; deactivate; decommission; downgraded; minimum; -
shield-off,no,unshielded; cybersecurity; insecure; unsecured; safety; unsafe; protection; unprotected; guardian; unguarded; unarmored; unarmoured; defenseless; defenceless; undefended; defender; interception; threat; prevention; unprevented; antivirus; detection; undetected; exploit; vulnerability; vulnerable; weakness; infected; infection; comprimised; data leak; unaudited; admin; verification; unverified; inactive; cancelled; error; crest; bravery; damaged; injured; hit; expired; eliminated
shield-plus,no,cybersecurity; secure; safety; protection; guardian; armored; armoured; defense; defence; defender; block; threat; prevention; antivirus; vigilance; vigilant; detection; scan; strength; strong; tough; invincible; invincibility; invulnerable; undamaged; extra; added; professional; enterprise; full; maximum; upgraded; ultra; activate; enable; audit; admin; verification; crest; medic; +
shield-question,yes,
shield-question-mark,no,unshielded; cybersecurity; insecure; unsecured; safety; unsafe; protection; unprotected; guardian; unguarded; unarmored; unarmoured; defenseless; defenceless; undefended; defender; threat; prevention; unprevented; antivirus; vigilance; vigilant; detection; undetected; scan; find; exploit; vulnerability; vulnerable; weakness; infection; comprimised; data leak; audit; admin; verification; unverified; uncertified; uncertain; unknown; inactive; crest; question mark; ?
shield-user,no,shield; user; admin; protection; protected; safety; guard
shield-x,no,unshielded; cybersecurity; insecure; unsecured; safety; unsafe; protection; unprotected; guardian; unguarded; unarmored; unarmoured; defenseless; defenceless; undefended; defender; blocked; stopped; intercepted; interception; saved; thwarted; threat; prevention; prevented; antivirus; vigilance; vigilant; detection; detected; scanned; found; exploit; vulnerability; vulnerable; weakness; infection; infected; comprimised; data leak; audited; admin; verification; unverified; inactive; cancel; error; wrong; false; crest; bravery; attacked; damaged; injured; hit; dead; deceased; expired; eliminated; exterminated
ship,no,boat; knots; nautical mile; maritime; sailing; yacht; cruise; ocean liner; tanker; vessel; navy; trip; releases
ship-wheel,no,steering; rudder; boat; knots; nautical mile; maritime; sailing; yacht; cruise; ocean liner; tanker; vessel; navy; trip
shirt,no,t-shirt; shopping; store; clothing; clothes
shopping-bag,no,ecommerce; cart; purchase; store
shopping-basket,no,cart; e-commerce; store; purchase; products; items; ingredients
shopping-cart,no,trolley; cart; basket; e-commerce; store; purchase; products; items; ingredients
shovel,no,dig; spade; treasure
shower-head,no,shower; bath; bathroom; amenities; services
shredder,no,file; paper; tear; cut; delete; destroy; remove; erase; document; destruction; secure; security; confidential; data; trash; dispose; disposal; information; waste; permanent
shrimp,no,seafood; shellfish; crustacean; prawn; scallop; whelk; arthropod; littleneck; quahog; cherrystone
shrink,no,scale; fullscreen
shrub,no,forest; undergrowth; park; nature
shuffle,no,music; random; reorder
sidebar,yes,
sidebar-close,yes,
sidebar-open,yes,
sigma,no,sum; calculate; formula; math; enumeration; enumerate
sigma-square,yes,
signal,no,connection; wireless; gsm; phone; 2g; 3g; 4g; 5g
signal-high,no,connection; wireless; gsm; phone; 2g; 3g; 4g; 5g
signal-low,no,connection; wireless; gsm; phone; 2g; 3g; 4g; 5g
signal-medium,no,connection; wireless; gsm; phone; 2g; 3g; 4g; 5g
signal-zero,no,connection; wireless; gsm; phone; 2g; 3g; 4g; 5g; lost
signature,no,text; format; input; contract; autograph; handwriting; sign; cursive; ink; scribble; authorize; personal; agreement; legal; document; identity; authentic; approval; verification; unique
signpost,no,bidirectional; left; right; east; west
signpost-big,no,bidirectional; left; right; east; west
siren,no,police; ambulance; emergency; security; alert; alarm; light
skip-back,no,arrow; previous; music
skip-forward,no,arrow; skip; next; music
skull,no,death; danger; bone
slack,no,logo
slash,no,divide; division; or; /
slash-square,yes,
slice,no,cutter; scalpel; knife
sliders,yes,
sliders-horizontal,no,settings; filters; controls
sliders-vertical,no,settings; controls
smartphone,no,phone; cellphone; device; screen
smartphone-charging,no,phone; cellphone; device; power; screen
smartphone-nfc,no,contactless; payment; near-field communication; screen
smile,no,emoji; face; happy; good; emotion
smile-plus,no,emoji; face; happy; good; emotion; react; reaction; add
snail,no,animal; insect; slow; speed; delicacy; spiral
snowflake,no,cold; weather; freeze; snow; winter
soap-dispenser-droplet,no,wash; bath; water; liquid; fluid; wet; moisture; damp; bead; globule
sofa,no,armchair; furniture; leisure; lounge; loveseat; couch
solar-panel,no,solar panel; solar; panel; sun; energy; electricity; light
sort-asc,yes,
sort-desc,yes,
soup,no,food; dish; restaurant; course; meal; bowl; starter
space,no,text; selection; letters; characters; font; typography
spade,no,shape; suit; playing; cards
sparkle,no,star; effect; filter; night; magic; shiny; glitter; twinkle; celebration
sparkles,no,stars; effect; filter; night; magic
speaker,no,sound; audio; music; tweeter; subwoofer; bass; production; producer; dj
speech,no,disability; disabled; dda; human; accessibility; people; sound
spell-check,no,spelling; error; mistake; oversight; typo; correction; code; linter; a
spell-check-2,no,spelling; error; mistake; oversight; typo; correction; code; linter; a
spline,no,path; pen; tool; shape; curve; draw
spline-pointer,no,path; tool; curve; node; click; pointer; target; vector
split,no,break; disband; divide; separate; branch; disunite
split-square-horizontal,yes,
split-square-vertical,yes,
spool,no,bobbin; spindle; yarn; thread; string; sewing; needlework
spotlight,no,winner; soapbox; stage; entertainment; drama; podium; actor; actress; singer; light; beam; play; theatre; show; focus; concert; performance; lens; leaderboard; followspot; best; highlight
spray-can,no,paint; color; graffiti; decoration; aerosol; deodorant; shaving foam; air freshener
sprout,no,eco; green; growth; leaf; nature; plant; seed; spring; sustainability
square,no,stop; playback; music; audio; video; rectangle; aspect ratio; 1:1; shape
square-activity,no,pulse; action; motion; movement; exercise; fitness; healthcare; heart rate monitor; vital signs; vitals; emergency room; er; intensive care; hospital; defibrillator; earthquake; siesmic; magnitude; richter scale; aftershock; tremor; shockwave; audio; waveform; synthesizer; synthesiser; music
square-arrow-down,no,backwards; reverse; direction; south; sign; keyboard; button
square-arrow-down-left,no,direction; south-west; diagonal; sign; turn; keyboard; button
square-arrow-down-right,no,direction; south-east; diagonal; sign; turn; keyboard; button
square-arrow-left,no,previous; back; direction; west; sign; keyboard; button; <-
square-arrow-out-down-left,no,outwards; direction; south-west; diagonal
square-arrow-out-down-right,no,outwards; direction; south-east; diagonal
square-arrow-out-up-left,no,outwards; direction; north-west; diagonal
square-arrow-out-up-right,no,outwards; direction; north-east; diagonal; share; open; external; link
square-arrow-right,no,next; forward; direction; west; sign; keyboard; button; ->
square-arrow-up,no,forward; direction; north; sign; keyboard; button
square-arrow-up-left,no,direction; north-west; diagonal; sign; keyboard; button
square-arrow-up-right,no,direction; north-east; diagonal; sign; keyboard; button; share
square-asterisk,no,password; secret; access; key; multiply; multiplication; glob pattern; wildcard; *
square-bottom-dashed-scissors,no,cut; snippet; chop; stationery; crafts
square-chart-gantt,no,projects; manage; overview; roadmap; plan; intentions; timeline; deadline; date; event; range; period; productivity; work; agile; code; coding; toolbar; button
square-check,no,done; todo; tick; complete; task
square-check-big,no,done; todo; tick; complete; task
square-chevron-down,no,back; menu; panel
square-chevron-left,no,back; previous; less than; fewer; menu; panel; button; keyboard; <
square-chevron-right,no,forward; next; more than; greater; menu; panel; code; coding; command line; terminal; prompt; shell; console; >
square-chevron-up,no,caret; keyboard; button; mac; control; ctrl; superscript; exponential; power; ahead; menu; panel; ^
square-code,no,gist; source; programming; html; xml; coding
square-dashed,no,selection; square; rectangular; marquee; tool; dashed; box
square-dashed-bottom,no,rectangle; aspect ratio; 1:1; shape; snippet; code; coding
square-dashed-bottom-code,no,rectangle; aspect ratio; 1:1; shape; snippet; code; coding
square-dashed-kanban,no,projects; manage; overview; board; tickets; issues; roadmap; plan; intentions; productivity; work; agile; draft; template; boilerplate; code; coding
square-dashed-mouse-pointer,no,inspector; element; mouse; click; pointer; box; browser; selector; target; dom; node
square-dashed-top-solid,no,square; border; width; layout; style; design; rectangular; marquee; dashed; box; rectangle; aspect ratio; 1:1
square-divide,no,calculate; math; ÷; /
square-dot,no,git; diff; modified; .
square-equal,no,calculate; =
square-function,no,programming; code; automation; math
square-gantt-chart,yes,
square-kanban,no,projects; manage; overview; board; tickets; issues; roadmap; plan; intentions; productivity; work; agile; code; coding; toolbar; button
square-library,no,books; reading; written; authors; stories; fiction; novels; information; knowledge; education; high school; university; college; academy; learning; study; research; collection; vinyl; records; albums; music; package
square-m,no,metro; subway; underground; track; line
square-menu,no,bars; navigation; hamburger; options; menu bar; panel
square-minus,no,subtract; remove; decrease; reduce; calculator; button; keyboard; line; divider; separator; horizontal rule; hr; html; markup; markdown; ---; toolbar; operator; code; coding; minimum; downgrade
square-mouse-pointer,no,inspector; element; mouse; click; pointer; box; browser; selector; target; dom; node
square-parking,no,parking lot; car park
square-parking-off,no,parking lot; car park; no parking
square-pause,no,music; audio; stop
square-pen,no,pencil; edit; change; create; draw; sketch; draft; writer; writing; biro; ink; marker; felt tip; stationery; artist
square-percent,no,verified; unverified; sale; discount; offer; marketing; sticker; price tag
square-pi,no,constant; code; coding; programming; symbol; trigonometry; geometry; formula
square-pilcrow,no,paragraph; mark; paraph; blind; typography; type; text; prose; symbol
square-play,no,music; audio; video; start; run
square-plus,no,add; new; increase; increment; positive; calculate; calculator; button; keyboard; toolbar; maximum; upgrade; extra; operator; join; concatenate; code; coding; +
square-power,no,on; off; device; switch; toggle; binary; boolean; reboot; restart; button; keyboard; troubleshoot
square-radical,no,calculate; formula; math; operator; root; square; symbol
square-round-corner,no,border; radius; style; design; corner; layout; round; rounded
square-scissors,no,cut; snippet; chop; stationery; crafts; toolbar; button
square-sigma,no,sum; calculate; formula; math; enumeration; enumerate
square-slash,no,git; diff; ignored; divide; division; shortcut; or; /
square-split-horizontal,no,split; divide
square-split-vertical,no,split; divide
square-square,no,float; center; rectangle
square-stack,no,versions; clone; copy; duplicate; multiple; revisions; version control; backup; history
square-star,no,badge; medal; honour; decoration; order; pin; laurel; trophy; medallion; insignia; bronze; silver; gold
square-stop,no,media; music
square-terminal,no,code; command line; prompt; shell
square-user,no,person; account; contact
square-user-round,no,person; account; contact
square-x,no,cancel; close; delete; remove; times; clear; math; multiply; multiplication
squares-exclude,no,square; pathfinder; path; exclude; invert; xor; shape; vector
squares-intersect,no,square; pathfinder; path; intersect; shape; include; vector
squares-subtract,no,square; pathfinder; path; minus; subtract; subtraction; shape; front; vector
squares-unite,no,square; pathfinder; path; unite; union; shape; merge; vector
squircle,no,shape
squircle-dashed,no,shape; pending; progress; issue; draft; code; coding; version control
squirrel,no,animal; rodent; pet; pest; nuts; retrieve; updates; storage; stash
stamp,no,mark; print; clone; loyalty; library
star,no,bookmark; favorite; like; review; rating
star-half,no,bookmark; favorite; like; review; rating
star-off,no,dislike; unlike; remove; unrate
stars,yes,
step-back,no,arrow; previous; music; left; reverse
step-forward,no,arrow; next; music; right; continue
stethoscope,no,phonendoscope; medical; heart; lungs; sound
sticker,no,reaction; emotion; smile; happy; feedback
sticky-note,no,post-it; comment; annotation; reaction; memo; reminder; todo; task; idea; brainstorm; document; page; paper; sheet; stationary; office
stone,no,mineral; geology; nature; solid; pebble; crystal; ore; hard; coal; stone; rock; boulder
stop-circle,yes,
store,no,shop; supermarket; stand; boutique; building
stretch-horizontal,no,items; flex; justify; distribute
stretch-vertical,no,items; flex; justify; distribute
strikethrough,no,cross out; delete; remove; format
subscript,no,text
subtitles,yes,
sun,no,brightness; weather; light; summer
sun-dim,no,brightness; dim; low; brightness low
sun-medium,no,brightness; medium
sun-moon,no,dark; light; moon; sun; brightness; theme; auto theme; system theme; appearance
sun-snow,no,weather; air conditioning; temperature; hot; cold; seasons
sunrise,no,weather; time; morning; day
sunset,no,weather; time; evening; night
superscript,no,text; exponent
swatch-book,no,colors; colours; swatches; pantone; shades; tint; hue; saturation; brightness; theme; scheme; palette; samples; textile; carpet
swiss-franc,no,currency; money; payment
switch-camera,no,photo; selfie; front; back
sword,no,battle; challenge; game; war; weapon
swords,no,battle; challenge; game; war; weapon
syringe,no,medicine; medical; needle; pump; plunger; nozzle; blood
table,no,spreadsheet; grid
table-2,no,spreadsheet; grid
table-cells-merge,no,spreadsheet; grid; row
table-cells-split,no,spreadsheet; grid; row
table-columns-split,no,spreadsheet; grid; cut; break; divide; separate; segment
table-config,yes,
table-of-contents,no,toc; outline; navigation; document structure; index; overview; sections; chapters; content; documentation; manual; knowledge base; faq
table-properties,no,property list; plist; spreadsheet; grid; dictionary; object; hash
table-rows-split,no,spreadsheet; grid; cut; break; divide; separate; segment
tablet,no,device
tablet-smartphone,no,responsive; screens; browser; testing; mobile
tablets,no,medicine; medication; drug; prescription; pills; pharmacy
tag,no,label; badge; ticket; mark
tags,no,labels; badges; tickets; marks; copy; multiple
tally-1,no,count; score; enumerate; days; one; 1; first; bar; prison; cell; sentence
tally-2,no,count; score; enumerate; days; two; 2; second; double; bars; prison; cell; sentence
tally-3,no,count; score; enumerate; days; three; 3; third; triple; bars; prison; cell; sentence
tally-4,no,count; score; enumerate; days; 4; fourth; quadruple; bars; prison; cell; sentence
tally-5,no,count; score; enumerate; days; five; 5; fifth; bars; prison; cell; sentence; slash; /
tangent,no,tangential; shape; circle; geometry; trigonometry; bezier curve
target,no,logo; bullseye; deadline; projects; overview; work; productivity
telescope,no,astronomy; space; discovery; exploration; explore; vision; perspective; focus; stargazing; observe; view
tent,no,tipi; teepee; wigwam; lodge; camping; campsite; holiday; retreat; nomadic; native american; indian; wilderness; outdoors
tent-tree,no,camping; campsite; holiday; retreat; nomadic; wilderness; outdoors
terminal,no,code; command line; prompt; shell
terminal-square,yes,
test-tube,no,tube; vial; phial; flask; ampoule; ampule; lab; chemistry; experiment; test
test-tube-2,yes,
test-tube-diagonal,no,tube; vial; phial; flask; ampoule; ampule; lab; chemistry; experiment; test
test-tubes,no,tubes; vials; phials; flasks; ampoules; ampules; lab; chemistry; experiment; test
text,yes,
text-align-center,no,text; alignment; center
text-align-end,no,text; alignment; right
text-align-justify,no,text; alignment; justified; menu; list
text-align-start,no,text; alignment; left; list
text-cursor,no,select
text-cursor-input,no,select
text-initial,no,drop cap; text; format; typography; letter; font size
text-quote,no,blockquote; quotation; indent; reply; response
text-search,no,find; data; copy; txt; pdf; document; scan; magnifier; magnifying glass; lens
text-select,no,find; search; selection; dashed
text-selection,yes,
text-wrap,no,words; lines; break; paragraph
theater,no,theater; theatre; entertainment; podium; stage; musical
thermometer,no,temperature; celsius; fahrenheit; weather
thermometer-snowflake,no,temperature; celsius; fahrenheit; weather; cold; freeze; freezing
thermometer-sun,no,temperature; celsius; fahrenheit; weather; warm; hot
thumbs-down,no,dislike; bad; emotion
thumbs-up,no,like; good; emotion
ticket,no,entry; pass; voucher; event; concert; show; perforated; dashed
ticket-check,no,entry; pass; voucher; event; concert; show; booked; purchased; receipt; redeemed; validated; verified; certified; checked; used
ticket-minus,no,entry; pass; voucher; event; concert; show; remove; cancel; unbook; subtract; decrease; -
ticket-percent,no,discount; reduced; offer; voucher; entry; pass; event; concert; show; book; purchase; %
ticket-plus,no,entry; pass; voucher; event; concert; show; book; purchase; add; +
ticket-slash,no,entry; pass; voucher; event; concert; show; redeemed; used; marked; checked; verified; spoiled; invalidated; void; denied; refused; banned; barred; forbidden; prohibited; cancelled; cancellation; refunded; delete; remove; clear; error
ticket-x,no,entry; pass; voucher; event; concert; show; cancelled; cancellation; refunded; used; void; invalidated; spoiled; denied; refused; banned; barred; forbidden; prohibited; delete; remove; clear; error; x
tickets,no,trip; travel; pass; entry; voucher; event; concert; show; perforated; dashed
tickets-plane,no,plane; trip; airplane; flight; travel; fly; takeoff; vacation; passenger; pass; check-in; airport
timer,no,time; timer; stopwatch
timer-off,no,time; timer; stopwatch
timer-reset,no,time; timer; stopwatch
toggle-left,no,on; off; switch; boolean
toggle-right,no,on; off; switch; boolean
toilet,no,toilet; potty; bathroom; washroom
tool-case,no,tools; maintenance; repair
toolbox,no,toolkit; tools; trunk; chest; box; storage; utility; utilities; container; kit; set; repair; fix; service; maintenance; mechanic; workshop; construction; hardware; equipment; gear; handyman; engineering; craft; diy
tornado,no,weather; wind; storm; hurricane
torus,no,donut; doughnut; ring; hollow; 3d; fast food; junk food; snack; treat; sweet; sugar; dessert
touchpad,no,trackpad; cursor
touchpad-off,no,trackpad; cursor
tower-control,no,airport; travel; tower; transportation; lighthouse
toy-brick,no,lego; block; addon; plugin; integration
tractor,no,farming; farmer; ranch; harvest; equipment; vehicle
traffic-cone,no,roadworks; tarmac; safety; block
train,yes,
train-front,no,railway; metro; subway; underground; high-speed; bullet; fast; track; line
train-front-tunnel,no,railway; metro; subway; underground; speed; bullet; fast; track; line
train-track,no,railway; line
tram-front,no,railway; metro; subway; underground; track; line; tourism
transgender,no,gender; inclusive
trash,no,empty; deletion; cleanup; junk; clear; garbage; delete; remove; bin; waste; recycle; discard; binoculars; rubbish
trash-2,no,garbage; delete; remove; bin
tree-deciduous,no,tree; forest; park; nature
tree-palm,no,vacation; leisure; island
tree-pine,no,tree; pine; forest; park; nature
trees,no,tree; forest; park; nature
trello,no,logo; brand
trending-down,no,statistics
trending-up,no,statistics
trending-up-down,no,arrows; estimated; indeterminate; data fluctuation; uncertain; forecast; variable; prediction; dynamic; volatile
triangle,no,equilateral; delta; shape; pyramid; hierarchy
triangle-alert,no,warning; alert; danger; exclamation mark; linter
triangle-dashed,no,equilateral; delta; shape; pyramid; hierarchy; dashed
triangle-right,no,volume; controls; controller; tv remote; geometry; delta; ramp; slope; incline; increase
trophy,no,prize; sports; winner; achievement; award; champion; celebration; victory
truck,no,delivery; van; shipping; haulage; lorry
truck-electric,no,delivery; van; shipping; haulage; lorry; electric
turkish-lira,no,currency; money; payment
turntable,no,record player; gramophone; stereo; phonograph; vinyl; lp; disc; platter; cut; music; analog; retro; dj deck; disc jockey; scratch; spinning
turtle,no,animal; pet; tortoise; slow; speed
tv,no,television; stream; display; widescreen; high-definition; hd; 1080p; 4k; 8k; smart; digital; video; entertainment; showtime; channels; terrestrial; satellite; cable; broadcast; live; frequency; tune; scan; aerial; receiver; transmission; signal; connection; connectivity
tv-2,yes,
tv-minimal,no,flatscreen; television; stream; display; widescreen; high-definition; hd; 1080p; 4k; 8k; smart; digital; video; home cinema; entertainment; showtime; channels; catchup
tv-minimal-play,no,flatscreen; television; stream; display; widescreen; high-definition; hd; 1080p; 4k; 8k; smart; digital; video; movie; live; ott; running; start; film; home cinema; entertainment; showtime; channels; catchup
twitch,no,logo; social
twitter,no,logo; social
type,no,text; font; typography
type-outline,no,text; font; typography; silhouette; profile; contour; stroke; line
umbrella,no,rain; weather
umbrella-off,no,rain; weather; uncovered; uninsured; antivirus; unprotected; risky
underline,no,text; format
undo,no,redo; rerun; history
undo-2,no,redo; rerun; history; back; return; reverse; revert; direction; u-turn
undo-dot,no,redo; history; step; back
unfold-horizontal,no,arrow; collapse; fold; vertical; dashed
unfold-vertical,no,arrow; expand; vertical; dashed
ungroup,no,cubes; packages; parts; units; collection; cluster; separate
university,no,building; education; childhood; school; college; academy; institute
unlink,no,url; unchain
unlink-2,no,url; unchain
unlock,yes,
unlock-keyhole,yes,
unplug,no,electricity; energy; electronics; socket; outlet; disconnect
upload,no,file
upload-cloud,yes,
usb,no,universal; serial; bus; controller; connector; interface
user,no,person; account; contact
user-2,yes,
user-check,no,followed; subscribed; done; todo; tick; complete; task
user-check-2,yes,
user-circle,yes,
user-circle-2,yes,
user-cog,no,settings; edit; cog; gear
user-cog-2,yes,
user-lock,no,person; lock; locked; account; secure
user-minus,no,delete; remove; unfollow; unsubscribe
user-minus-2,yes,
user-pen,no,person; account; contact; profile; edit; change
user-plus,no,new; add; create; follow; subscribe
user-plus-2,yes,
user-round,no,person; account; contact
user-round-check,no,followed; subscribed; done; todo; tick; complete; task
user-round-cog,no,settings; edit; cog; gear
user-round-minus,no,delete; remove; unfollow; unsubscribe
user-round-pen,no,person; account; contact; profile; edit; change
user-round-plus,no,new; add; create; follow; subscribe
user-round-search,no,person; account; contact; find; scan; magnifier; magnifying glass; lens
user-round-x,no,delete; remove; unfollow; unsubscribe; unavailable
user-search,no,person; account; contact; find; scan; magnifier; magnifying glass; lens
user-square,yes,
user-square-2,yes,
user-star,no,person; account; favorite; contact; like; review; rating; admin
user-x,no,delete; remove; unfollow; unsubscribe; unavailable
user-x-2,yes,
users,no,group; people
users-2,yes,
users-round,no,group; people
utensils,no,fork; knife; cutlery; flatware; tableware; silverware; food; restaurant; meal; breakfast; dinner; supper
utensils-crossed,no,fork; knife; cutlery; flatware; tableware; silverware; food; restaurant; meal; breakfast; dinner; supper
utility-pole,no,electricity; energy; transmission line; telegraph pole; power lines; phone
van,no,minivan; cart; wagon; truck; lorry; trailer; camper; vehicle; drive; trip; journey; van; transport; carriage; delivery; travel
variable,no,code; coding; programming; symbol; calculate; algebra; x; parentheses; parenthesis; brackets; parameter; (; )
vault,no,safe; lockbox; deposit; locker; coffer; strongbox; safety; secure; storage; valuables; bank
vector-square,no,shape; geometry; art; width; height; size; calculate; measure; select; graphics; box
vegan,no,vegetarian; fruitarian; herbivorous; animal rights; diet
venetian-mask,no,mask; masquerade; impersonate; secret; incognito
venus,no,gender; sex; female; feminine; woman; girl
venus-and-mars,no,gender; sex; intersex; androgynous; hermaphrodite
verified,yes,
vibrate,no,smartphone; notification; rumble; haptic feedback; screen
vibrate-off,no,smartphone; notification; rumble; haptic feedback; notifications; screen
video,no,camera; movie; film; recording; motion picture; camcorder; reel
video-off,no,camera; movie; film
videotape,no,vhs; movie; film; recording; motion picture; showreel; cassette
view,no,eye; look
voicemail,no,phone; cassette; tape; reel; recording; audio
volleyball,no,beach; sand; net; holiday; vacation; summer; soccer; football; futbol; kick; pitch; goal; score; bounce; leather; wool; yarn; knitting; sewing; thread; embroidery; textile
volume,no,music; sound; mute; speaker
volume-1,no,music; sound; speaker
volume-2,no,music; sound; speaker
volume-off,no,music; sound; mute; speaker
volume-x,no,music; sound; mute; speaker
vote,no,vote; poll; ballot; political; social; check; tick
wallet,no,money; finance; pocket
wallet-2,yes,
wallet-cards,no,money; finance; pocket; credit; purchase; payment; shopping; retail; consumer; cc
wallet-minimal,no,finance; pocket
wallpaper,no,background; texture; image; art; design; visual; decor; pattern; screen; cover; lock screen
wand,no,magic; selection
wand-2,yes,
wand-sparkles,no,magic; wizard; magician
warehouse,no,storage; storehouse; depot; depository; repository; stockroom; logistics; building
washing-machine,no,tumble dryer; amenities; electronics; cycle; clothes; rinse; spin; drum
watch,no,clock; time
waves,no,water; sea; sound; hertz; wavelength; vibrate
waves-arrow-down,no,water; sea; level; sound; hertz; wavelength; vibrate; low; tide; ocean; rising; down; falling
waves-arrow-up,no,water; sea; level; sound; hertz; wavelength; vibrate; high; tide; ocean; rising
waves-ladder,no,swimming; water; pool; lifeguard; ocean; 🌊; 🏊‍♂️; 🏊‍♀️; 🏊; 🥽
waypoints,no,indirection; vpn; virtual private network; proxy; connections; bounce; reroute; path; journey; planner; stops; stations; shared; spread; viral
webcam,no,camera; security
webhook,no,push api; interface; callback
webhook-off,no,push api; interface; callback
weight,no,mass; heavy; lead; metal; measure; geometry; scales; balance
weight-tilde,no,measure; scale; estimate; load; balance; size; measurement; quantity; mass
wheat,no,corn; cereal; grain; gluten
wheat-off,no,corn; cereal; grain; gluten free; allergy; intolerance; diet
whole-word,no,text; selection; letters; characters; font; typography
wifi,no,connection; signal; wireless
wifi-cog,no,connection; signal; wireless; directory; settings; control; preferences; cog; edit; gear
wifi-high,no,connection; signal; wireless
wifi-low,no,connection; signal; wireless
wifi-off,no,disabled
wifi-pen,no,edit; wifi; pen; change; network
wifi-sync,no,connection; signal; wireless; synchronize; reconnect; reset; restart
wifi-zero,no,connection; signal; wireless
wind,no,weather; air; blow
wind-arrow-down,no,weather; air; pressure; blow
wine,no,alcohol; beverage; bar; drink; glass; sommelier; vineyard; winery
wine-off,no,alcohol; beverage; drink; glass; alcohol free; abstinence; abstaining; teetotalism; allergy; intolerance
workflow,no,action; continuous integration; ci; automation; devops; network; node; connection
worm,no,invertebrate; grub; larva; snake; crawl; wiggle; slither; pest control; computer virus; malware
wrap-text,yes,
wrench,no,account; settings; spanner; diy; toolbox; build; construction
x,no,cancel; close; cross; delete; ex; remove; times; clear; math; multiply; multiplication
x-circle,yes,
x-octagon,yes,
x-square,yes,
youtube,no,logo; social; video; play
zap,no,flash; camera; lightning; electricity; energy
zap-off,no,flash; camera; lightning; electricity; energy
zoom-in,no,magnifying glass; plus
zoom-out,no,magnifying glass; plus
